STRUCTURE,STRUCTURE_ID,STRUCTURE_NAME,ACTION,CEN23_YEAR_001,Census year,CEN23_GEO_008,Area,CEN23_DEP_001,New Zealand index of socioeconomic deprivation,CEN23_ETH_006,Ethnicity,CEN23_AGE_003,Age,CEN23_GEN_002,Gender,OBS_VALUE,Observation Value,OBS_STATUS,Observation Status
DATAFLOW,STATSNZ:CEN23_DEP_019(1.0),"New Zealand index of socioeconomic deprivation, ethnicity (detailed single / combination), age, and gender for the census usually resident population count, (RC, TALB, Health), 2023 Census",I,2023,2023,301,Whanganui,07,7,9999,Total - ethnicity,99,Total - age,99,Total - gender,8442,,,
DATAFLOW,STATSNZ:CEN23_DEP_019(1.0),"New Zealand index of socioeconomic deprivation, ethnicity (detailed single / combination), age, and gender for the census usually resident population count, (RC, TALB, Health), 2023 Census",I,2023,2023,201,Lakes,777,Total stated - New Zealand index of socioeconomic deprivation,9999,Total - ethnicity,99,Total - age,99,Total - gender,114039,,,
DATAFLOW,STATSNZ:CEN23_DEP_019(1.0),"New Zealand index of socioeconomic deprivation, ethnicity (detailed single / combination), age, and gender for the census usually resident population count, (RC, TALB, Health), 2023 Census",I,2023,2023,302,MidCentral,10,10 - Most deprived,9999,Total - ethnicity,99,Total - age,99,Total - gender,16167,,,
DATAFLOW,STATSNZ:CEN23_DEP_019(1.0),"New Zealand index of socioeconomic deprivation, ethnicity (detailed single / combination), age, and gender for the census usually resident population count, (RC, TALB, Health), 2023 Census",I,2023,2023,30,Central Region,09,9,9999,Total - ethnicity,99,Total - age,99,Total - gender,89181,,,
DATAFLOW,STATSNZ:CEN23_DEP_019(1.0),"New Zealand index of socioeconomic deprivation, ethnicity (detailed single / combination), age, and gender for the census usually resident population count, (RC, TALB, Health), 2023 Census",I,2023,2023,302,MidCentral,08,8,9999,Total - ethnicity,99,Total - age,99,Total - gender,22401,,,
DATAFLOW,STATSNZ:CEN23_DEP_019(1.0),"New Zealand index of socioeconomic deprivation, ethnicity (detailed single / combination), age, and gender for the census usually resident population count, (RC, TALB, Health), 2023 Census",I,2023,2023,404,Southern,07,7,9999,Total - ethnicity,99,Total - age,99,Total - gender,33540,,,
DATAFLOW,STATSNZ:CEN23_DEP_019(1.0),"New Zealand index of socioeconomic deprivation, ethnicity (detailed single / combination), age, and gender for the census usually resident population count, (RC, TALB, Health), 2023 Census",I,2023,2023,99999,Total - New Zealand by health region/health district,07,7,9999,Total - ethnicity,99,Total - age,99,Total - gender,503148,,,
DATAFLOW,STATSNZ:CEN23_DEP_019(1.0),"New Zealand index of socioeconomic deprivation, ethnicity (detailed single / combination), age, and gender for the census usually resident population count, (RC, TALB, Health), 2023 Census",I,2023,2023,40,Te Waipounamu,01,1 - Least deprived,9999,Total - ethnicity,99,Total - age,99,Total - gender,161553,,,
DATAFLOW,STATSNZ:CEN23_DEP_019(1.0),"New Zealand index of socioeconomic deprivation, ethnicity (detailed single / combination), age, and gender for the census usually resident population count, (RC, TALB, Health), 2023 Census",I,2023,2023,402,Canterbury,99,Not elsewhere included,9999,Total - ethnicity,99,Total - age,99,Total - gender,75,,,
DATAFLOW,STATSNZ:CEN23_DEP_019(1.0),"New Zealand index of socioeconomic deprivation, ethnicity (detailed single / combination), age, and gender for the census usually resident population count, (RC, TALB, Health), 2023 Census",I,2023,2023,300,Hawke's Bay,10,10 - Most deprived,9999,Total - ethnicity,99,Total - age,99,Total - gender,27774,,,
DATAFLOW,STATSNZ:CEN23_DEP_019(1.0),"New Zealand index of socioeconomic deprivation, ethnicity (detailed single / combination), age, and gender for the census usually resident population count, (RC, TALB, Health), 2023 Census",I,2023,2023,202,Bay of Plenty,99,Not elsewhere included,9999,Total - ethnicity,99,Total - age,99,Total - gender,87,,,
DATAFLOW,STATSNZ:CEN23_DEP_019(1.0),"New Zealand index of socioeconomic deprivation, ethnicity (detailed single / combination), age, and gender for the census usually resident population count, (RC, TALB, Health), 2023 Census",I,2023,2023,101,Waitematā,05,5,9999,Total - ethnicity,99,Total - age,99,Total - gender,67842,,,
DATAFLOW,STATSNZ:CEN23_DEP_019(1.0),"New Zealand index of socioeconomic deprivation, ethnicity (detailed single / combination), age, and gender for the census usually resident population count, (RC, TALB, Health), 2023 Census",I,2023,2023,101,Waitematā,08,8,9999,Total - ethnicity,99,Total - age,99,Total - gender,52815,,,
DATAFLOW,STATSNZ:CEN23_DEP_019(1.0),"New Zealand index of socioeconomic deprivation, ethnicity (detailed single / combination), age, and gender for the census usually resident population count, (RC, TALB, Health), 2023 Census",I,2023,2023,103,Counties Manukau,999,Total - New Zealand index of socioeconomic deprivation,9999,Total - ethnicity,99,Total - age,99,Total - gender,585189,,,
DATAFLOW,STATSNZ:CEN23_DEP_019(1.0),"New Zealand index of socioeconomic deprivation, ethnicity (detailed single / combination), age, and gender for the census usually resident population count, (RC, TALB, Health), 2023 Census",I,2023,2023,304,Wairarapa,08,8,9999,Total - ethnicity,99,Total - age,99,Total - gender,5364,,,
DATAFLOW,STATSNZ:CEN23_DEP_019(1.0),"New Zealand index of socioeconomic deprivation, ethnicity (detailed single / combination), age, and gender for the census usually resident population count, (RC, TALB, Health), 2023 Census",I,2023,2023,40,Te Waipounamu,07,7,9999,Total - ethnicity,99,Total - age,99,Total - gender,131373,,,
DATAFLOW,STATSNZ:CEN23_DEP_019(1.0),"New Zealand index of socioeconomic deprivation, ethnicity (detailed single / combination), age, and gender for the census usually resident population count, (RC, TALB, Health), 2023 Census",I,2023,2023,400,Nelson Marlborough,06,6,9999,Total - ethnicity,99,Total - age,99,Total - gender,16299,,,
DATAFLOW,STATSNZ:CEN23_DEP_019(1.0),"New Zealand index of socioeconomic deprivation, ethnicity (detailed single / combination), age, and gender for the census usually resident population count, (RC, TALB, Health), 2023 Census",I,2023,2023,20,Te Manawa Taki,03,3,9999,Total - ethnicity,99,Total - age,99,Total - gender,81759,,,
DATAFLOW,STATSNZ:CEN23_DEP_019(1.0),"New Zealand index of socioeconomic deprivation, ethnicity (detailed single / combination), age, and gender for the census usually resident population count, (RC, TALB, Health), 2023 Census",I,2023,2023,303,"Capital, Coast and Hutt Valley",07,7,9999,Total - ethnicity,99,Total - age,99,Total - gender,32664,,,
DATAFLOW,STATSNZ:CEN23_DEP_019(1.0),"New Zealand index of socioeconomic deprivation, ethnicity (detailed single / combination), age, and gender for the census usually resident population count, (RC, TALB, Health), 2023 Census",I,2023,2023,200,Waikato,09,9,9999,Total - ethnicity,99,Total - age,99,Total - gender,63759,,,
DATAFLOW,STATSNZ:CEN23_DEP_019(1.0),"New Zealand index of socioeconomic deprivation, ethnicity (detailed single / combination), age, and gender for the census usually resident population count, (RC, TALB, Health), 2023 Census",I,2023,2023,204,Taranaki,10,10 - Most deprived,9999,Total - ethnicity,99,Total - age,99,Total - gender,10362,,,
DATAFLOW,STATSNZ:CEN23_DEP_019(1.0),"New Zealand index of socioeconomic deprivation, ethnicity (detailed single / combination), age, and gender for the census usually resident population count, (RC, TALB, Health), 2023 Census",I,2023,2023,10,Northern Region,10,10 - Most deprived,9999,Total - ethnicity,99,Total - age,99,Total - gender,260406,,,
DATAFLOW,STATSNZ:CEN23_DEP_019(1.0),"New Zealand index of socioeconomic deprivation, ethnicity (detailed single / combination), age, and gender for the census usually resident population count, (RC, TALB, Health), 2023 Census",I,2023,2023,20,Te Manawa Taki,999,Total - New Zealand index of socioeconomic deprivation,9999,Total - ethnicity,99,Total - age,99,Total - gender,993534,,,
DATAFLOW,STATSNZ:CEN23_DEP_019(1.0),"New Zealand index of socioeconomic deprivation, ethnicity (detailed single / combination), age, and gender for the census usually resident population count, (RC, TALB, Health), 2023 Census",I,2023,2023,40,Te Waipounamu,02,2,9999,Total - ethnicity,99,Total - age,99,Total - gender,134016,,,
DATAFLOW,STATSNZ:CEN23_DEP_019(1.0),"New Zealand index of socioeconomic deprivation, ethnicity (detailed single / combination), age, and gender for the census usually resident population count, (RC, TALB, Health), 2023 Census",I,2023,2023,400,Nelson Marlborough,09,9,9999,Total - ethnicity,99,Total - age,99,Total - gender,10581,,,
DATAFLOW,STATSNZ:CEN23_DEP_019(1.0),"New Zealand index of socioeconomic deprivation, ethnicity (detailed single / combination), age, and gender for the census usually resident population count, (RC, TALB, Health), 2023 Census",I,2023,2023,200,Waikato,99,Not elsewhere included,9999,Total - ethnicity,99,Total - age,99,Total - gender,12,,,
DATAFLOW,STATSNZ:CEN23_DEP_019(1.0),"New Zealand index of socioeconomic deprivation, ethnicity (detailed single / combination), age, and gender for the census usually resident population count, (RC, TALB, Health), 2023 Census",I,2023,2023,401,West Coast,02,2,9999,Total - ethnicity,99,Total - age,99,Total - gender,1158,,,
DATAFLOW,STATSNZ:CEN23_DEP_019(1.0),"New Zealand index of socioeconomic deprivation, ethnicity (detailed single / combination), age, and gender for the census usually resident population count, (RC, TALB, Health), 2023 Census",I,2023,2023,90,Area outside health region,01,1 - Least deprived,9999,Total - ethnicity,99,Total - age,99,Total - gender,45,,,
DATAFLOW,STATSNZ:CEN23_DEP_019(1.0),"New Zealand index of socioeconomic deprivation, ethnicity (detailed single / combination), age, and gender for the census usually resident population count, (RC, TALB, Health), 2023 Census",I,2023,2023,200,Waikato,10,10 - Most deprived,9999,Total - ethnicity,99,Total - age,99,Total - gender,51327,,,
DATAFLOW,STATSNZ:CEN23_DEP_019(1.0),"New Zealand index of socioeconomic deprivation, ethnicity (detailed single / combination), age, and gender for the census usually resident population count, (RC, TALB, Health), 2023 Census",I,2023,2023,402,Canterbury,01,1 - Least deprived,9999,Total - ethnicity,99,Total - age,99,Total - gender,95037,,,
DATAFLOW,STATSNZ:CEN23_DEP_019(1.0),"New Zealand index of socioeconomic deprivation, ethnicity (detailed single / combination), age, and gender for the census usually resident population count, (RC, TALB, Health), 2023 Census",I,2023,2023,400,Nelson Marlborough,05,5,9999,Total - ethnicity,99,Total - age,99,Total - gender,17193,,,
DATAFLOW,STATSNZ:CEN23_DEP_019(1.0),"New Zealand index of socioeconomic deprivation, ethnicity (detailed single / combination), age, and gender for the census usually resident population count, (RC, TALB, Health), 2023 Census",I,2023,2023,201,Lakes,09,9,9999,Total - ethnicity,99,Total - age,99,Total - gender,16590,,,
DATAFLOW,STATSNZ:CEN23_DEP_019(1.0),"New Zealand index of socioeconomic deprivation, ethnicity (detailed single / combination), age, and gender for the census usually resident population count, (RC, TALB, Health), 2023 Census",I,2023,2023,202,Bay of Plenty,07,7,9999,Total - ethnicity,99,Total - age,99,Total - gender,25005,,,
DATAFLOW,STATSNZ:CEN23_DEP_019(1.0),"New Zealand index of socioeconomic deprivation, ethnicity (detailed single / combination), age, and gender for the census usually resident population count, (RC, TALB, Health), 2023 Census",I,2023,2023,90,Area outside health region,08,8,9999,Total - ethnicity,99,Total - age,99,Total - gender,9,,,
DATAFLOW,STATSNZ:CEN23_DEP_019(1.0),"New Zealand index of socioeconomic deprivation, ethnicity (detailed single / combination), age, and gender for the census usually resident population count, (RC, TALB, Health), 2023 Census",I,2023,2023,20,Te Manawa Taki,01,1 - Least deprived,9999,Total - ethnicity,99,Total - age,99,Total - gender,62250,,,
DATAFLOW,STATSNZ:CEN23_DEP_019(1.0),"New Zealand index of socioeconomic deprivation, ethnicity (detailed single / combination), age, and gender for the census usually resident population count, (RC, TALB, Health), 2023 Census",I,2023,2023,100,Northland,05,5,9999,Total - ethnicity,99,Total - age,99,Total - gender,16521,,,
DATAFLOW,STATSNZ:CEN23_DEP_019(1.0),"New Zealand index of socioeconomic deprivation, ethnicity (detailed single / combination), age, and gender for the census usually resident population count, (RC, TALB, Health), 2023 Census",I,2023,2023,10,Northern Region,07,7,9999,Total - ethnicity,99,Total - age,99,Total - gender,168996,,,
DATAFLOW,STATSNZ:CEN23_DEP_019(1.0),"New Zealand index of socioeconomic deprivation, ethnicity (detailed single / combination), age, and gender for the census usually resident population count, (RC, TALB, Health), 2023 Census",I,2023,2023,301,Whanganui,999,Total - New Zealand index of socioeconomic deprivation,9999,Total - ethnicity,99,Total - age,99,Total - gender,67992,,,
DATAFLOW,STATSNZ:CEN23_DEP_019(1.0),"New Zealand index of socioeconomic deprivation, ethnicity (detailed single / combination), age, and gender for the census usually resident population count, (RC, TALB, Health), 2023 Census",I,2023,2023,401,West Coast,999,Total - New Zealand index of socioeconomic deprivation,9999,Total - ethnicity,99,Total - age,99,Total - gender,33387,,,
DATAFLOW,STATSNZ:CEN23_DEP_019(1.0),"New Zealand index of socioeconomic deprivation, ethnicity (detailed single / combination), age, and gender for the census usually resident population count, (RC, TALB, Health), 2023 Census",I,2023,2023,203,Tairāwhiti,07,7,9999,Total - ethnicity,99,Total - age,99,Total - gender,2838,,,
DATAFLOW,STATSNZ:CEN23_DEP_019(1.0),"New Zealand index of socioeconomic deprivation, ethnicity (detailed single / combination), age, and gender for the census usually resident population count, (RC, TALB, Health), 2023 Census",I,2023,2023,302,MidCentral,05,5,9999,Total - ethnicity,99,Total - age,99,Total - gender,18126,,,
DATAFLOW,STATSNZ:CEN23_DEP_019(1.0),"New Zealand index of socioeconomic deprivation, ethnicity (detailed single / combination), age, and gender for the census usually resident population count, (RC, TALB, Health), 2023 Census",I,2023,2023,204,Taranaki,999,Total - New Zealand index of socioeconomic deprivation,9999,Total - ethnicity,99,Total - age,99,Total - gender,126174,,,
DATAFLOW,STATSNZ:CEN23_DEP_019(1.0),"New Zealand index of socioeconomic deprivation, ethnicity (detailed single / combination), age, and gender for the census usually resident population count, (RC, TALB, Health), 2023 Census",I,2023,2023,304,Wairarapa,777,Total stated - New Zealand index of socioeconomic deprivation,9999,Total - ethnicity,99,Total - age,99,Total - gender,49599,,,
DATAFLOW,STATSNZ:CEN23_DEP_019(1.0),"New Zealand index of socioeconomic deprivation, ethnicity (detailed single / combination), age, and gender for the census usually resident population count, (RC, TALB, Health), 2023 Census",I,2023,2023,403,South Canterbury,03,3,9999,Total - ethnicity,99,Total - age,99,Total - gender,5613,,,
DATAFLOW,STATSNZ:CEN23_DEP_019(1.0),"New Zealand index of socioeconomic deprivation, ethnicity (detailed single / combination), age, and gender for the census usually resident population count, (RC, TALB, Health), 2023 Census",I,2023,2023,404,Southern,10,10 - Most deprived,9999,Total - ethnicity,99,Total - age,99,Total - gender,13284,,,
DATAFLOW,STATSNZ:CEN23_DEP_019(1.0),"New Zealand index of socioeconomic deprivation, ethnicity (detailed single / combination), age, and gender for the census usually resident population count, (RC, TALB, Health), 2023 Census",I,2023,2023,204,Taranaki,04,4,9999,Total - ethnicity,99,Total - age,99,Total - gender,10779,,,
DATAFLOW,STATSNZ:CEN23_DEP_019(1.0),"New Zealand index of socioeconomic deprivation, ethnicity (detailed single / combination), age, and gender for the census usually resident population count, (RC, TALB, Health), 2023 Census",I,2023,2023,100,Northland,01,1 - Least deprived,9999,Total - ethnicity,99,Total - age,99,Total - gender,4431,,,
DATAFLOW,STATSNZ:CEN23_DEP_019(1.0),"New Zealand index of socioeconomic deprivation, ethnicity (detailed single / combination), age, and gender for the census usually resident population count, (RC, TALB, Health), 2023 Census",I,2023,2023,401,West Coast,03,3,9999,Total - ethnicity,99,Total - age,99,Total - gender,963,,,
DATAFLOW,STATSNZ:CEN23_DEP_019(1.0),"New Zealand index of socioeconomic deprivation, ethnicity (detailed single / combination), age, and gender for the census usually resident population count, (RC, TALB, Health), 2023 Census",I,2023,2023,402,Canterbury,05,5,9999,Total - ethnicity,99,Total - age,99,Total - gender,57099,,,
DATAFLOW,STATSNZ:CEN23_DEP_019(1.0),"New Zealand index of socioeconomic deprivation, ethnicity (detailed single / combination), age, and gender for the census usually resident population count, (RC, TALB, Health), 2023 Census",I,2023,2023,203,Tairāwhiti,08,8,9999,Total - ethnicity,99,Total - age,99,Total - gender,8070,,,
DATAFLOW,STATSNZ:CEN23_DEP_019(1.0),"New Zealand index of socioeconomic deprivation, ethnicity (detailed single / combination), age, and gender for the census usually resident population count, (RC, TALB, Health), 2023 Census",I,2023,2023,30,Central Region,05,5,9999,Total - ethnicity,99,Total - age,99,Total - gender,89892,,,
DATAFLOW,STATSNZ:CEN23_DEP_019(1.0),"New Zealand index of socioeconomic deprivation, ethnicity (detailed single / combination), age, and gender for the census usually resident population count, (RC, TALB, Health), 2023 Census",I,2023,2023,203,Tairāwhiti,09,9,9999,Total - ethnicity,99,Total - age,99,Total - gender,6966,,,
DATAFLOW,STATSNZ:CEN23_DEP_019(1.0),"New Zealand index of socioeconomic deprivation, ethnicity (detailed single / combination), age, and gender for the census usually resident population count, (RC, TALB, Health), 2023 Census",I,2023,2023,99999,Total - New Zealand by health region/health district,09,9,9999,Total - ethnicity,99,Total - age,99,Total - gender,513411,,,
DATAFLOW,STATSNZ:CEN23_DEP_019(1.0),"New Zealand index of socioeconomic deprivation, ethnicity (detailed single / combination), age, and gender for the census usually resident population count, (RC, TALB, Health), 2023 Census",I,2023,2023,10,Northern Region,02,2,9999,Total - ethnicity,99,Total - age,99,Total - gender,182529,,,
DATAFLOW,STATSNZ:CEN23_DEP_019(1.0),"New Zealand index of socioeconomic deprivation, ethnicity (detailed single / combination), age, and gender for the census usually resident population count, (RC, TALB, Health), 2023 Census",I,2023,2023,404,Southern,01,1 - Least deprived,9999,Total - ethnicity,99,Total - age,99,Total - gender,44553,,,
DATAFLOW,STATSNZ:CEN23_DEP_019(1.0),"New Zealand index of socioeconomic deprivation, ethnicity (detailed single / combination), age, and gender for the census usually resident population count, (RC, TALB, Health), 2023 Census",I,2023,2023,304,Wairarapa,06,6,9999,Total - ethnicity,99,Total - age,99,Total - gender,5667,,,
DATAFLOW,STATSNZ:CEN23_DEP_019(1.0),"New Zealand index of socioeconomic deprivation, ethnicity (detailed single / combination), age, and gender for the census usually resident population count, (RC, TALB, Health), 2023 Census",I,2023,2023,402,Canterbury,777,Total stated - New Zealand index of socioeconomic deprivation,9999,Total - ethnicity,99,Total - age,99,Total - gender,588879,,,
DATAFLOW,STATSNZ:CEN23_DEP_019(1.0),"New Zealand index of socioeconomic deprivation, ethnicity (detailed single / combination), age, and gender for the census usually resident population count, (RC, TALB, Health), 2023 Census",I,2023,2023,90,Area outside health region,09,9,9999,Total - ethnicity,99,Total - age,99,Total - gender,6,,,
DATAFLOW,STATSNZ:CEN23_DEP_019(1.0),"New Zealand index of socioeconomic deprivation, ethnicity (detailed single / combination), age, and gender for the census usually resident population count, (RC, TALB, Health), 2023 Census",I,2023,2023,90,Area outside health region,03,3,9999,Total - ethnicity,99,Total - age,99,Total - gender,0,,,
DATAFLOW,STATSNZ:CEN23_DEP_019(1.0),"New Zealand index of socioeconomic deprivation, ethnicity (detailed single / combination), age, and gender for the census usually resident population count, (RC, TALB, Health), 2023 Census",I,2023,2023,20,Te Manawa Taki,07,7,9999,Total - ethnicity,99,Total - age,99,Total - gender,108501,,,
DATAFLOW,STATSNZ:CEN23_DEP_019(1.0),"New Zealand index of socioeconomic deprivation, ethnicity (detailed single / combination), age, and gender for the census usually resident population count, (RC, TALB, Health), 2023 Census",I,2023,2023,30,Central Region,01,1 - Least deprived,9999,Total - ethnicity,99,Total - age,99,Total - gender,114147,,,
DATAFLOW,STATSNZ:CEN23_DEP_019(1.0),"New Zealand index of socioeconomic deprivation, ethnicity (detailed single / combination), age, and gender for the census usually resident population count, (RC, TALB, Health), 2023 Census",I,2023,2023,101,Waitematā,03,3,9999,Total - ethnicity,99,Total - age,99,Total - gender,85797,,,
DATAFLOW,STATSNZ:CEN23_DEP_019(1.0),"New Zealand index of socioeconomic deprivation, ethnicity (detailed single / combination), age, and gender for the census usually resident population count, (RC, TALB, Health), 2023 Census",I,2023,2023,300,Hawke's Bay,99,Not elsewhere included,9999,Total - ethnicity,99,Total - age,99,Total - gender,0,,,
DATAFLOW,STATSNZ:CEN23_DEP_019(1.0),"New Zealand index of socioeconomic deprivation, ethnicity (detailed single / combination), age, and gender for the census usually resident population count, (RC, TALB, Health), 2023 Census",I,2023,2023,303,"Capital, Coast and Hutt Valley",08,8,9999,Total - ethnicity,99,Total - age,99,Total - gender,29367,,,
DATAFLOW,STATSNZ:CEN23_DEP_019(1.0),"New Zealand index of socioeconomic deprivation, ethnicity (detailed single / combination), age, and gender for the census usually resident population count, (RC, TALB, Health), 2023 Census",I,2023,2023,400,Nelson Marlborough,10,10 - Most deprived,9999,Total - ethnicity,99,Total - age,99,Total - gender,2592,,,
DATAFLOW,STATSNZ:CEN23_DEP_019(1.0),"New Zealand index of socioeconomic deprivation, ethnicity (detailed single / combination), age, and gender for the census usually resident population count, (RC, TALB, Health), 2023 Census",I,2023,2023,402,Canterbury,08,8,9999,Total - ethnicity,99,Total - age,99,Total - gender,51207,,,
DATAFLOW,STATSNZ:CEN23_DEP_019(1.0),"New Zealand index of socioeconomic deprivation, ethnicity (detailed single / combination), age, and gender for the census usually resident population count, (RC, TALB, Health), 2023 Census",I,2023,2023,102,Auckland,06,6,9999,Total - ethnicity,99,Total - age,99,Total - gender,50277,,,
DATAFLOW,STATSNZ:CEN23_DEP_019(1.0),"New Zealand index of socioeconomic deprivation, ethnicity (detailed single / combination), age, and gender for the census usually resident population count, (RC, TALB, Health), 2023 Census",I,2023,2023,304,Wairarapa,09,9,9999,Total - ethnicity,99,Total - age,99,Total - gender,5262,,,
DATAFLOW,STATSNZ:CEN23_DEP_019(1.0),"New Zealand index of socioeconomic deprivation, ethnicity (detailed single / combination), age, and gender for the census usually resident population count, (RC, TALB, Health), 2023 Census",I,2023,2023,204,Taranaki,07,7,9999,Total - ethnicity,99,Total - age,99,Total - gender,16410,,,
DATAFLOW,STATSNZ:CEN23_DEP_019(1.0),"New Zealand index of socioeconomic deprivation, ethnicity (detailed single / combination), age, and gender for the census usually resident population count, (RC, TALB, Health), 2023 Census",I,2023,2023,103,Counties Manukau,03,3,9999,Total - ethnicity,99,Total - age,99,Total - gender,48453,,,
DATAFLOW,STATSNZ:CEN23_DEP_019(1.0),"New Zealand index of socioeconomic deprivation, ethnicity (detailed single / combination), age, and gender for the census usually resident population count, (RC, TALB, Health), 2023 Census",I,2023,2023,403,South Canterbury,02,2,9999,Total - ethnicity,99,Total - age,99,Total - gender,5949,,,
DATAFLOW,STATSNZ:CEN23_DEP_019(1.0),"New Zealand index of socioeconomic deprivation, ethnicity (detailed single / combination), age, and gender for the census usually resident population count, (RC, TALB, Health), 2023 Census",I,2023,2023,20,Te Manawa Taki,04,4,9999,Total - ethnicity,99,Total - age,99,Total - gender,84456,,,
DATAFLOW,STATSNZ:CEN23_DEP_019(1.0),"New Zealand index of socioeconomic deprivation, ethnicity (detailed single / combination), age, and gender for the census usually resident population count, (RC, TALB, Health), 2023 Census",I,2023,2023,403,South Canterbury,10,10 - Most deprived,9999,Total - ethnicity,99,Total - age,99,Total - gender,1152,,,
DATAFLOW,STATSNZ:CEN23_DEP_019(1.0),"New Zealand index of socioeconomic deprivation, ethnicity (detailed single / combination), age, and gender for the census usually resident population count, (RC, TALB, Health), 2023 Census",I,2023,2023,200,Waikato,01,1 - Least deprived,9999,Total - ethnicity,99,Total - age,99,Total - gender,30519,,,
DATAFLOW,STATSNZ:CEN23_DEP_019(1.0),"New Zealand index of socioeconomic deprivation, ethnicity (detailed single / combination), age, and gender for the census usually resident population count, (RC, TALB, Health), 2023 Census",I,2023,2023,30,Central Region,999,Total - New Zealand index of socioeconomic deprivation,9999,Total - ethnicity,99,Total - age,99,Total - gender,938769,,,
DATAFLOW,STATSNZ:CEN23_DEP_019(1.0),"New Zealand index of socioeconomic deprivation, ethnicity (detailed single / combination), age, and gender for the census usually resident population count, (RC, TALB, Health), 2023 Census",I,2023,2023,400,Nelson Marlborough,07,7,9999,Total - ethnicity,99,Total - age,99,Total - gender,23412,,,
DATAFLOW,STATSNZ:CEN23_DEP_019(1.0),"New Zealand index of socioeconomic deprivation, ethnicity (detailed single / combination), age, and gender for the census usually resident population count, (RC, TALB, Health), 2023 Census",I,2023,2023,403,South Canterbury,09,9,9999,Total - ethnicity,99,Total - age,99,Total - gender,5325,,,
DATAFLOW,STATSNZ:CEN23_DEP_019(1.0),"New Zealand index of socioeconomic deprivation, ethnicity (detailed single / combination), age, and gender for the census usually resident population count, (RC, TALB, Health), 2023 Census",I,2023,2023,99999,Total - New Zealand by health region/health district,06,6,9999,Total - ethnicity,99,Total - age,99,Total - gender,493503,,,
DATAFLOW,STATSNZ:CEN23_DEP_019(1.0),"New Zealand index of socioeconomic deprivation, ethnicity (detailed single / combination), age, and gender for the census usually resident population count, (RC, TALB, Health), 2023 Census",I,2023,2023,400,Nelson Marlborough,02,2,9999,Total - ethnicity,99,Total - age,99,Total - gender,16911,,,
DATAFLOW,STATSNZ:CEN23_DEP_019(1.0),"New Zealand index of socioeconomic deprivation, ethnicity (detailed single / combination), age, and gender for the census usually resident population count, (RC, TALB, Health), 2023 Census",I,2023,2023,100,Northland,03,3,9999,Total - ethnicity,99,Total - age,99,Total - gender,11082,,,
DATAFLOW,STATSNZ:CEN23_DEP_019(1.0),"New Zealand index of socioeconomic deprivation, ethnicity (detailed single / combination), age, and gender for the census usually resident population count, (RC, TALB, Health), 2023 Census",I,2023,2023,201,Lakes,01,1 - Least deprived,9999,Total - ethnicity,99,Total - age,99,Total - gender,6699,,,
DATAFLOW,STATSNZ:CEN23_DEP_019(1.0),"New Zealand index of socioeconomic deprivation, ethnicity (detailed single / combination), age, and gender for the census usually resident population count, (RC, TALB, Health), 2023 Census",I,2023,2023,203,Tairāwhiti,777,Total stated - New Zealand index of socioeconomic deprivation,9999,Total - ethnicity,99,Total - age,99,Total - gender,51135,,,
DATAFLOW,STATSNZ:CEN23_DEP_019(1.0),"New Zealand index of socioeconomic deprivation, ethnicity (detailed single / combination), age, and gender for the census usually resident population count, (RC, TALB, Health), 2023 Census",I,2023,2023,402,Canterbury,03,3,9999,Total - ethnicity,99,Total - age,99,Total - gender,65097,,,
DATAFLOW,STATSNZ:CEN23_DEP_019(1.0),"New Zealand index of socioeconomic deprivation, ethnicity (detailed single / combination), age, and gender for the census usually resident population count, (RC, TALB, Health), 2023 Census",I,2023,2023,20,Te Manawa Taki,777,Total stated - New Zealand index of socioeconomic deprivation,9999,Total - ethnicity,99,Total - age,99,Total - gender,993114,,,
DATAFLOW,STATSNZ:CEN23_DEP_019(1.0),"New Zealand index of socioeconomic deprivation, ethnicity (detailed single / combination), age, and gender for the census usually resident population count, (RC, TALB, Health), 2023 Census",I,2023,2023,301,Whanganui,05,5,9999,Total - ethnicity,99,Total - age,99,Total - gender,6663,,,
DATAFLOW,STATSNZ:CEN23_DEP_019(1.0),"New Zealand index of socioeconomic deprivation, ethnicity (detailed single / combination), age, and gender for the census usually resident population count, (RC, TALB, Health), 2023 Census",I,2023,2023,10,Northern Region,01,1 - Least deprived,9999,Total - ethnicity,99,Total - age,99,Total - gender,144849,,,
DATAFLOW,STATSNZ:CEN23_DEP_019(1.0),"New Zealand index of socioeconomic deprivation, ethnicity (detailed single / combination), age, and gender for the census usually resident population count, (RC, TALB, Health), 2023 Census",I,2023,2023,204,Taranaki,05,5,9999,Total - ethnicity,99,Total - age,99,Total - gender,12120,,,
DATAFLOW,STATSNZ:CEN23_DEP_019(1.0),"New Zealand index of socioeconomic deprivation, ethnicity (detailed single / combination), age, and gender for the census usually resident population count, (RC, TALB, Health), 2023 Census",I,2023,2023,103,Counties Manukau,07,7,9999,Total - ethnicity,99,Total - age,99,Total - gender,42885,,,
DATAFLOW,STATSNZ:CEN23_DEP_019(1.0),"New Zealand index of socioeconomic deprivation, ethnicity (detailed single / combination), age, and gender for the census usually resident population count, (RC, TALB, Health), 2023 Census",I,2023,2023,101,Waitematā,02,2,9999,Total - ethnicity,99,Total - age,99,Total - gender,83256,,,
DATAFLOW,STATSNZ:CEN23_DEP_019(1.0),"New Zealand index of socioeconomic deprivation, ethnicity (detailed single / combination), age, and gender for the census usually resident population count, (RC, TALB, Health), 2023 Census",I,2023,2023,30,Central Region,07,7,9999,Total - ethnicity,99,Total - age,99,Total - gender,94278,,,
DATAFLOW,STATSNZ:CEN23_DEP_019(1.0),"New Zealand index of socioeconomic deprivation, ethnicity (detailed single / combination), age, and gender for the census usually resident population count, (RC, TALB, Health), 2023 Census",I,2023,2023,200,Waikato,07,7,9999,Total - ethnicity,99,Total - age,99,Total - gender,52437,,,
DATAFLOW,STATSNZ:CEN23_DEP_019(1.0),"New Zealand index of socioeconomic deprivation, ethnicity (detailed single / combination), age, and gender for the census usually resident population count, (RC, TALB, Health), 2023 Census",I,2023,2023,100,Northland,777,Total stated - New Zealand index of socioeconomic deprivation,9999,Total - ethnicity,99,Total - age,99,Total - gender,193989,,,
DATAFLOW,STATSNZ:CEN23_DEP_019(1.0),"New Zealand index of socioeconomic deprivation, ethnicity (detailed single / combination), age, and gender for the census usually resident population count, (RC, TALB, Health), 2023 Census",I,2023,2023,20,Te Manawa Taki,08,8,9999,Total - ethnicity,99,Total - age,99,Total - gender,122670,,,
DATAFLOW,STATSNZ:CEN23_DEP_019(1.0),"New Zealand index of socioeconomic deprivation, ethnicity (detailed single / combination), age, and gender for the census usually resident population count, (RC, TALB, Health), 2023 Census",I,2023,2023,400,Nelson Marlborough,999,Total - New Zealand index of socioeconomic deprivation,9999,Total - ethnicity,99,Total - age,99,Total - gender,159825,,,
DATAFLOW,STATSNZ:CEN23_DEP_019(1.0),"New Zealand index of socioeconomic deprivation, ethnicity (detailed single / combination), age, and gender for the census usually resident population count, (RC, TALB, Health), 2023 Census",I,2023,2023,401,West Coast,10,10 - Most deprived,9999,Total - ethnicity,99,Total - age,99,Total - gender,2271,,,
DATAFLOW,STATSNZ:CEN23_DEP_019(1.0),"New Zealand index of socioeconomic deprivation, ethnicity (detailed single / combination), age, and gender for the census usually resident population count, (RC, TALB, Health), 2023 Census",I,2023,2023,203,Tairāwhiti,04,4,9999,Total - ethnicity,99,Total - age,99,Total - gender,1665,,,
DATAFLOW,STATSNZ:CEN23_DEP_019(1.0),"New Zealand index of socioeconomic deprivation, ethnicity (detailed single / combination), age, and gender for the census usually resident population count, (RC, TALB, Health), 2023 Census",I,2023,2023,102,Auckland,07,7,9999,Total - ethnicity,99,Total - age,99,Total - gender,47853,,,
DATAFLOW,STATSNZ:CEN23_DEP_019(1.0),"New Zealand index of socioeconomic deprivation, ethnicity (detailed single / combination), age, and gender for the census usually resident population count, (RC, TALB, Health), 2023 Census",I,2023,2023,302,MidCentral,03,3,9999,Total - ethnicity,99,Total - age,99,Total - gender,14241,,,
DATAFLOW,STATSNZ:CEN23_DEP_019(1.0),"New Zealand index of socioeconomic deprivation, ethnicity (detailed single / combination), age, and gender for the census usually resident population count, (RC, TALB, Health), 2023 Census",I,2023,2023,30,Central Region,03,3,9999,Total - ethnicity,99,Total - age,99,Total - gender,87123,,,
DATAFLOW,STATSNZ:CEN23_DEP_019(1.0),"New Zealand index of socioeconomic deprivation, ethnicity (detailed single / combination), age, and gender for the census usually resident population count, (RC, TALB, Health), 2023 Census",I,2023,2023,40,Te Waipounamu,09,9,9999,Total - ethnicity,99,Total - age,99,Total - gender,98373,,,
DATAFLOW,STATSNZ:CEN23_DEP_019(1.0),"New Zealand index of socioeconomic deprivation, ethnicity (detailed single / combination), age, and gender for the census usually resident population count, (RC, TALB, Health), 2023 Census",I,2023,2023,301,Whanganui,06,6,9999,Total - ethnicity,99,Total - age,99,Total - gender,5964,,,
DATAFLOW,STATSNZ:CEN23_DEP_019(1.0),"New Zealand index of socioeconomic deprivation, ethnicity (detailed single / combination), age, and gender for the census usually resident population count, (RC, TALB, Health), 2023 Census",I,2023,2023,10,Northern Region,999,Total - New Zealand index of socioeconomic deprivation,9999,Total - ethnicity,99,Total - age,99,Total - gender,1875525,,,
DATAFLOW,STATSNZ:CEN23_DEP_019(1.0),"New Zealand index of socioeconomic deprivation, ethnicity (detailed single / combination), age, and gender for the census usually resident population count, (RC, TALB, Health), 2023 Census",I,2023,2023,301,Whanganui,777,Total stated - New Zealand index of socioeconomic deprivation,9999,Total - ethnicity,99,Total - age,99,Total - gender,67968,,,
DATAFLOW,STATSNZ:CEN23_DEP_019(1.0),"New Zealand index of socioeconomic deprivation, ethnicity (detailed single / combination), age, and gender for the census usually resident population count, (RC, TALB, Health), 2023 Census",I,2023,2023,303,"Capital, Coast and Hutt Valley",777,Total stated - New Zealand index of socioeconomic deprivation,9999,Total - ethnicity,99,Total - age,99,Total - gender,461349,,,
DATAFLOW,STATSNZ:CEN23_DEP_019(1.0),"New Zealand index of socioeconomic deprivation, ethnicity (detailed single / combination), age, and gender for the census usually resident population count, (RC, TALB, Health), 2023 Census",I,2023,2023,302,MidCentral,06,6,9999,Total - ethnicity,99,Total - age,99,Total - gender,21237,,,
DATAFLOW,STATSNZ:CEN23_DEP_019(1.0),"New Zealand index of socioeconomic deprivation, ethnicity (detailed single / combination), age, and gender for the census usually resident population count, (RC, TALB, Health), 2023 Census",I,2023,2023,100,Northland,04,4,9999,Total - ethnicity,99,Total - age,99,Total - gender,14961,,,
DATAFLOW,STATSNZ:CEN23_DEP_019(1.0),"New Zealand index of socioeconomic deprivation, ethnicity (detailed single / combination), age, and gender for the census usually resident population count, (RC, TALB, Health), 2023 Census",I,2023,2023,201,Lakes,03,3,9999,Total - ethnicity,99,Total - age,99,Total - gender,8418,,,
DATAFLOW,STATSNZ:CEN23_DEP_019(1.0),"New Zealand index of socioeconomic deprivation, ethnicity (detailed single / combination), age, and gender for the census usually resident population count, (RC, TALB, Health), 2023 Census",I,2023,2023,202,Bay of Plenty,01,1 - Least deprived,9999,Total - ethnicity,99,Total - age,99,Total - gender,14559,,,
DATAFLOW,STATSNZ:CEN23_DEP_019(1.0),"New Zealand index of socioeconomic deprivation, ethnicity (detailed single / combination), age, and gender for the census usually resident population count, (RC, TALB, Health), 2023 Census",I,2023,2023,202,Bay of Plenty,03,3,9999,Total - ethnicity,99,Total - age,99,Total - gender,27540,,,
DATAFLOW,STATSNZ:CEN23_DEP_019(1.0),"New Zealand index of socioeconomic deprivation, ethnicity (detailed single / combination), age, and gender for the census usually resident population count, (RC, TALB, Health), 2023 Census",I,2023,2023,103,Counties Manukau,10,10 - Most deprived,9999,Total - ethnicity,99,Total - age,99,Total - gender,143919,,,
DATAFLOW,STATSNZ:CEN23_DEP_019(1.0),"New Zealand index of socioeconomic deprivation, ethnicity (detailed single / combination), age, and gender for the census usually resident population count, (RC, TALB, Health), 2023 Census",I,2023,2023,402,Canterbury,09,9,9999,Total - ethnicity,99,Total - age,99,Total - gender,42894,,,
DATAFLOW,STATSNZ:CEN23_DEP_019(1.0),"New Zealand index of socioeconomic deprivation, ethnicity (detailed single / combination), age, and gender for the census usually resident population count, (RC, TALB, Health), 2023 Census",I,2023,2023,301,Whanganui,99,Not elsewhere included,9999,Total - ethnicity,99,Total - age,99,Total - gender,24,,,
DATAFLOW,STATSNZ:CEN23_DEP_019(1.0),"New Zealand index of socioeconomic deprivation, ethnicity (detailed single / combination), age, and gender for the census usually resident population count, (RC, TALB, Health), 2023 Census",I,2023,2023,10,Northern Region,04,4,9999,Total - ethnicity,99,Total - age,99,Total - gender,194577,,,
DATAFLOW,STATSNZ:CEN23_DEP_019(1.0),"New Zealand index of socioeconomic deprivation, ethnicity (detailed single / combination), age, and gender for the census usually resident population count, (RC, TALB, Health), 2023 Census",I,2023,2023,303,"Capital, Coast and Hutt Valley",99,Not elsewhere included,9999,Total - ethnicity,99,Total - age,99,Total - gender,9,,,
DATAFLOW,STATSNZ:CEN23_DEP_019(1.0),"New Zealand index of socioeconomic deprivation, ethnicity (detailed single / combination), age, and gender for the census usually resident population count, (RC, TALB, Health), 2023 Census",I,2023,2023,300,Hawke's Bay,777,Total stated - New Zealand index of socioeconomic deprivation,9999,Total - ethnicity,99,Total - age,99,Total - gender,174966,,,
DATAFLOW,STATSNZ:CEN23_DEP_019(1.0),"New Zealand index of socioeconomic deprivation, ethnicity (detailed single / combination), age, and gender for the census usually resident population count, (RC, TALB, Health), 2023 Census",I,2023,2023,303,"Capital, Coast and Hutt Valley",02,2,9999,Total - ethnicity,99,Total - age,99,Total - gender,66759,,,
DATAFLOW,STATSNZ:CEN23_DEP_019(1.0),"New Zealand index of socioeconomic deprivation, ethnicity (detailed single / combination), age, and gender for the census usually resident population count, (RC, TALB, Health), 2023 Census",I,2023,2023,401,West Coast,99,Not elsewhere included,9999,Total - ethnicity,99,Total - age,99,Total - gender,0,,,
DATAFLOW,STATSNZ:CEN23_DEP_019(1.0),"New Zealand index of socioeconomic deprivation, ethnicity (detailed single / combination), age, and gender for the census usually resident population count, (RC, TALB, Health), 2023 Census",I,2023,2023,40,Te Waipounamu,10,10 - Most deprived,9999,Total - ethnicity,99,Total - age,99,Total - gender,44499,,,
DATAFLOW,STATSNZ:CEN23_DEP_019(1.0),"New Zealand index of socioeconomic deprivation, ethnicity (detailed single / combination), age, and gender for the census usually resident population count, (RC, TALB, Health), 2023 Census",I,2023,2023,402,Canterbury,999,Total - New Zealand index of socioeconomic deprivation,9999,Total - ethnicity,99,Total - age,99,Total - gender,588951,,,
DATAFLOW,STATSNZ:CEN23_DEP_019(1.0),"New Zealand index of socioeconomic deprivation, ethnicity (detailed single / combination), age, and gender for the census usually resident population count, (RC, TALB, Health), 2023 Census",I,2023,2023,301,Whanganui,04,4,9999,Total - ethnicity,99,Total - age,99,Total - gender,3912,,,
DATAFLOW,STATSNZ:CEN23_DEP_019(1.0),"New Zealand index of socioeconomic deprivation, ethnicity (detailed single / combination), age, and gender for the census usually resident population count, (RC, TALB, Health), 2023 Census",I,2023,2023,204,Taranaki,99,Not elsewhere included,9999,Total - ethnicity,99,Total - age,99,Total - gender,6,,,
DATAFLOW,STATSNZ:CEN23_DEP_019(1.0),"New Zealand index of socioeconomic deprivation, ethnicity (detailed single / combination), age, and gender for the census usually resident population count, (RC, TALB, Health), 2023 Census",I,2023,2023,101,Waitematā,777,Total stated - New Zealand index of socioeconomic deprivation,9999,Total - ethnicity,99,Total - age,99,Total - gender,631362,,,
DATAFLOW,STATSNZ:CEN23_DEP_019(1.0),"New Zealand index of socioeconomic deprivation, ethnicity (detailed single / combination), age, and gender for the census usually resident population count, (RC, TALB, Health), 2023 Census",I,2023,2023,302,MidCentral,999,Total - New Zealand index of socioeconomic deprivation,9999,Total - ethnicity,99,Total - age,99,Total - gender,184854,,,
DATAFLOW,STATSNZ:CEN23_DEP_019(1.0),"New Zealand index of socioeconomic deprivation, ethnicity (detailed single / combination), age, and gender for the census usually resident population count, (RC, TALB, Health), 2023 Census",I,2023,2023,102,Auckland,99,Not elsewhere included,9999,Total - ethnicity,99,Total - age,99,Total - gender,18,,,
DATAFLOW,STATSNZ:CEN23_DEP_019(1.0),"New Zealand index of socioeconomic deprivation, ethnicity (detailed single / combination), age, and gender for the census usually resident population count, (RC, TALB, Health), 2023 Census",I,2023,2023,404,Southern,99,Not elsewhere included,9999,Total - ethnicity,99,Total - age,99,Total - gender,141,,,
DATAFLOW,STATSNZ:CEN23_DEP_019(1.0),"New Zealand index of socioeconomic deprivation, ethnicity (detailed single / combination), age, and gender for the census usually resident population count, (RC, TALB, Health), 2023 Census",I,2023,2023,403,South Canterbury,08,8,9999,Total - ethnicity,99,Total - age,99,Total - gender,8352,,,
DATAFLOW,STATSNZ:CEN23_DEP_019(1.0),"New Zealand index of socioeconomic deprivation, ethnicity (detailed single / combination), age, and gender for the census usually resident population count, (RC, TALB, Health), 2023 Census",I,2023,2023,401,West Coast,08,8,9999,Total - ethnicity,99,Total - age,99,Total - gender,6768,,,
DATAFLOW,STATSNZ:CEN23_DEP_019(1.0),"New Zealand index of socioeconomic deprivation, ethnicity (detailed single / combination), age, and gender for the census usually resident population count, (RC, TALB, Health), 2023 Census",I,2023,2023,303,"Capital, Coast and Hutt Valley",06,6,9999,Total - ethnicity,99,Total - age,99,Total - gender,46098,,,
DATAFLOW,STATSNZ:CEN23_DEP_019(1.0),"New Zealand index of socioeconomic deprivation, ethnicity (detailed single / combination), age, and gender for the census usually resident population count, (RC, TALB, Health), 2023 Census",I,2023,2023,101,Waitematā,07,7,9999,Total - ethnicity,99,Total - age,99,Total - gender,57297,,,
DATAFLOW,STATSNZ:CEN23_DEP_019(1.0),"New Zealand index of socioeconomic deprivation, ethnicity (detailed single / combination), age, and gender for the census usually resident population count, (RC, TALB, Health), 2023 Census",I,2023,2023,101,Waitematā,04,4,9999,Total - ethnicity,99,Total - age,99,Total - gender,77394,,,
DATAFLOW,STATSNZ:CEN23_DEP_019(1.0),"New Zealand index of socioeconomic deprivation, ethnicity (detailed single / combination), age, and gender for the census usually resident population count, (RC, TALB, Health), 2023 Census",I,2023,2023,101,Waitematā,999,Total - New Zealand index of socioeconomic deprivation,9999,Total - ethnicity,99,Total - age,99,Total - gender,631383,,,
DATAFLOW,STATSNZ:CEN23_DEP_019(1.0),"New Zealand index of socioeconomic deprivation, ethnicity (detailed single / combination), age, and gender for the census usually resident population count, (RC, TALB, Health), 2023 Census",I,2023,2023,304,Wairarapa,10,10 - Most deprived,9999,Total - ethnicity,99,Total - age,99,Total - gender,1941,,,
DATAFLOW,STATSNZ:CEN23_DEP_019(1.0),"New Zealand index of socioeconomic deprivation, ethnicity (detailed single / combination), age, and gender for the census usually resident population count, (RC, TALB, Health), 2023 Census",I,2023,2023,400,Nelson Marlborough,03,3,9999,Total - ethnicity,99,Total - age,99,Total - gender,21372,,,
DATAFLOW,STATSNZ:CEN23_DEP_019(1.0),"New Zealand index of socioeconomic deprivation, ethnicity (detailed single / combination), age, and gender for the census usually resident population count, (RC, TALB, Health), 2023 Census",I,2023,2023,30,Central Region,02,2,9999,Total - ethnicity,99,Total - age,99,Total - gender,102918,,,
DATAFLOW,STATSNZ:CEN23_DEP_019(1.0),"New Zealand index of socioeconomic deprivation, ethnicity (detailed single / combination), age, and gender for the census usually resident population count, (RC, TALB, Health), 2023 Census",I,2023,2023,10,Northern Region,03,3,9999,Total - ethnicity,99,Total - age,99,Total - gender,194943,,,
DATAFLOW,STATSNZ:CEN23_DEP_019(1.0),"New Zealand index of socioeconomic deprivation, ethnicity (detailed single / combination), age, and gender for the census usually resident population count, (RC, TALB, Health), 2023 Census",I,2023,2023,202,Bay of Plenty,09,9,9999,Total - ethnicity,99,Total - age,99,Total - gender,25971,,,
DATAFLOW,STATSNZ:CEN23_DEP_019(1.0),"New Zealand index of socioeconomic deprivation, ethnicity (detailed single / combination), age, and gender for the census usually resident population count, (RC, TALB, Health), 2023 Census",I,2023,2023,301,Whanganui,08,8,9999,Total - ethnicity,99,Total - age,99,Total - gender,10149,,,
DATAFLOW,STATSNZ:CEN23_DEP_019(1.0),"New Zealand index of socioeconomic deprivation, ethnicity (detailed single / combination), age, and gender for the census usually resident population count, (RC, TALB, Health), 2023 Census",I,2023,2023,202,Bay of Plenty,02,2,9999,Total - ethnicity,99,Total - age,99,Total - gender,25992,,,
DATAFLOW,STATSNZ:CEN23_DEP_019(1.0),"New Zealand index of socioeconomic deprivation, ethnicity (detailed single / combination), age, and gender for the census usually resident population count, (RC, TALB, Health), 2023 Census",I,2023,2023,401,West Coast,01,1 - Least deprived,9999,Total - ethnicity,99,Total - age,99,Total - gender,840,,,
DATAFLOW,STATSNZ:CEN23_DEP_019(1.0),"New Zealand index of socioeconomic deprivation, ethnicity (detailed single / combination), age, and gender for the census usually resident population count, (RC, TALB, Health), 2023 Census",I,2023,2023,40,Te Waipounamu,777,Total stated - New Zealand index of socioeconomic deprivation,9999,Total - ethnicity,99,Total - age,99,Total - gender,1185603,,,
DATAFLOW,STATSNZ:CEN23_DEP_019(1.0),"New Zealand index of socioeconomic deprivation, ethnicity (detailed single / combination), age, and gender for the census usually resident population count, (RC, TALB, Health), 2023 Census",I,2023,2023,302,MidCentral,09,9,9999,Total - ethnicity,99,Total - age,99,Total - gender,27243,,,
DATAFLOW,STATSNZ:CEN23_DEP_019(1.0),"New Zealand index of socioeconomic deprivation, ethnicity (detailed single / combination), age, and gender for the census usually resident population count, (RC, TALB, Health), 2023 Census",I,2023,2023,404,Southern,08,8,9999,Total - ethnicity,99,Total - age,99,Total - gender,33489,,,
DATAFLOW,STATSNZ:CEN23_DEP_019(1.0),"New Zealand index of socioeconomic deprivation, ethnicity (detailed single / combination), age, and gender for the census usually resident population count, (RC, TALB, Health), 2023 Census",I,2023,2023,101,Waitematā,09,9,9999,Total - ethnicity,99,Total - age,99,Total - gender,44556,,,
DATAFLOW,STATSNZ:CEN23_DEP_019(1.0),"New Zealand index of socioeconomic deprivation, ethnicity (detailed single / combination), age, and gender for the census usually resident population count, (RC, TALB, Health), 2023 Census",I,2023,2023,403,South Canterbury,777,Total stated - New Zealand index of socioeconomic deprivation,9999,Total - ethnicity,99,Total - age,99,Total - gender,60783,,,
DATAFLOW,STATSNZ:CEN23_DEP_019(1.0),"New Zealand index of socioeconomic deprivation, ethnicity (detailed single / combination), age, and gender for the census usually resident population count, (RC, TALB, Health), 2023 Census",I,2023,2023,201,Lakes,10,10 - Most deprived,9999,Total - ethnicity,99,Total - age,99,Total - gender,23358,,,
DATAFLOW,STATSNZ:CEN23_DEP_019(1.0),"New Zealand index of socioeconomic deprivation, ethnicity (detailed single / combination), age, and gender for the census usually resident population count, (RC, TALB, Health), 2023 Census",I,2023,2023,403,South Canterbury,99,Not elsewhere included,9999,Total - ethnicity,99,Total - age,99,Total - gender,0,,,
DATAFLOW,STATSNZ:CEN23_DEP_019(1.0),"New Zealand index of socioeconomic deprivation, ethnicity (detailed single / combination), age, and gender for the census usually resident population count, (RC, TALB, Health), 2023 Census",I,2023,2023,30,Central Region,04,4,9999,Total - ethnicity,99,Total - age,99,Total - gender,88176,,,
DATAFLOW,STATSNZ:CEN23_DEP_019(1.0),"New Zealand index of socioeconomic deprivation, ethnicity (detailed single / combination), age, and gender for the census usually resident population count, (RC, TALB, Health), 2023 Census",I,2023,2023,99999,Total - New Zealand by health region/health district,02,2,9999,Total - ethnicity,99,Total - age,99,Total - gender,497415,,,
DATAFLOW,STATSNZ:CEN23_DEP_019(1.0),"New Zealand index of socioeconomic deprivation, ethnicity (detailed single / combination), age, and gender for the census usually resident population count, (RC, TALB, Health), 2023 Census",I,2023,2023,20,Te Manawa Taki,09,9,9999,Total - ethnicity,99,Total - age,99,Total - gender,128424,,,
DATAFLOW,STATSNZ:CEN23_DEP_019(1.0),"New Zealand index of socioeconomic deprivation, ethnicity (detailed single / combination), age, and gender for the census usually resident population count, (RC, TALB, Health), 2023 Census",I,2023,2023,203,Tairāwhiti,99,Not elsewhere included,9999,Total - ethnicity,99,Total - age,99,Total - gender,0,,,
DATAFLOW,STATSNZ:CEN23_DEP_019(1.0),"New Zealand index of socioeconomic deprivation, ethnicity (detailed single / combination), age, and gender for the census usually resident population count, (RC, TALB, Health), 2023 Census",I,2023,2023,200,Waikato,03,3,9999,Total - ethnicity,99,Total - age,99,Total - gender,31302,,,
DATAFLOW,STATSNZ:CEN23_DEP_019(1.0),"New Zealand index of socioeconomic deprivation, ethnicity (detailed single / combination), age, and gender for the census usually resident population count, (RC, TALB, Health), 2023 Census",I,2023,2023,30,Central Region,10,10 - Most deprived,9999,Total - ethnicity,99,Total - age,99,Total - gender,91797,,,
DATAFLOW,STATSNZ:CEN23_DEP_019(1.0),"New Zealand index of socioeconomic deprivation, ethnicity (detailed single / combination), age, and gender for the census usually resident population count, (RC, TALB, Health), 2023 Census",I,2023,2023,103,Counties Manukau,09,9,9999,Total - ethnicity,99,Total - age,99,Total - gender,83847,,,
DATAFLOW,STATSNZ:CEN23_DEP_019(1.0),"New Zealand index of socioeconomic deprivation, ethnicity (detailed single / combination), age, and gender for the census usually resident population count, (RC, TALB, Health), 2023 Census",I,2023,2023,402,Canterbury,06,6,9999,Total - ethnicity,99,Total - age,99,Total - gender,58368,,,
DATAFLOW,STATSNZ:CEN23_DEP_019(1.0),"New Zealand index of socioeconomic deprivation, ethnicity (detailed single / combination), age, and gender for the census usually resident population count, (RC, TALB, Health), 2023 Census",I,2023,2023,10,Northern Region,99,Not elsewhere included,9999,Total - ethnicity,99,Total - age,99,Total - gender,378,,,
DATAFLOW,STATSNZ:CEN23_DEP_019(1.0),"New Zealand index of socioeconomic deprivation, ethnicity (detailed single / combination), age, and gender for the census usually resident population count, (RC, TALB, Health), 2023 Census",I,2023,2023,404,Southern,999,Total - New Zealand index of socioeconomic deprivation,9999,Total - ethnicity,99,Total - age,99,Total - gender,342942,,,
DATAFLOW,STATSNZ:CEN23_DEP_019(1.0),"New Zealand index of socioeconomic deprivation, ethnicity (detailed single / combination), age, and gender for the census usually resident population count, (RC, TALB, Health), 2023 Census",I,2023,2023,301,Whanganui,03,3,9999,Total - ethnicity,99,Total - age,99,Total - gender,2940,,,
DATAFLOW,STATSNZ:CEN23_DEP_019(1.0),"New Zealand index of socioeconomic deprivation, ethnicity (detailed single / combination), age, and gender for the census usually resident population count, (RC, TALB, Health), 2023 Census",I,2023,2023,40,Te Waipounamu,05,5,9999,Total - ethnicity,99,Total - age,99,Total - gender,122805,,,
DATAFLOW,STATSNZ:CEN23_DEP_019(1.0),"New Zealand index of socioeconomic deprivation, ethnicity (detailed single / combination), age, and gender for the census usually resident population count, (RC, TALB, Health), 2023 Census",I,2023,2023,401,West Coast,09,9,9999,Total - ethnicity,99,Total - age,99,Total - gender,6204,,,
DATAFLOW,STATSNZ:CEN23_DEP_019(1.0),"New Zealand index of socioeconomic deprivation, ethnicity (detailed single / combination), age, and gender for the census usually resident population count, (RC, TALB, Health), 2023 Census",I,2023,2023,403,South Canterbury,06,6,9999,Total - ethnicity,99,Total - age,99,Total - gender,7197,,,
DATAFLOW,STATSNZ:CEN23_DEP_019(1.0),"New Zealand index of socioeconomic deprivation, ethnicity (detailed single / combination), age, and gender for the census usually resident population count, (RC, TALB, Health), 2023 Census",I,2023,2023,303,"Capital, Coast and Hutt Valley",10,10 - Most deprived,9999,Total - ethnicity,99,Total - age,99,Total - gender,33678,,,
DATAFLOW,STATSNZ:CEN23_DEP_019(1.0),"New Zealand index of socioeconomic deprivation, ethnicity (detailed single / combination), age, and gender for the census usually resident population count, (RC, TALB, Health), 2023 Census",I,2023,2023,302,MidCentral,99,Not elsewhere included,9999,Total - ethnicity,99,Total - age,99,Total - gender,6,,,
DATAFLOW,STATSNZ:CEN23_DEP_019(1.0),"New Zealand index of socioeconomic deprivation, ethnicity (detailed single / combination), age, and gender for the census usually resident population count, (RC, TALB, Health), 2023 Census",I,2023,2023,403,South Canterbury,07,7,9999,Total - ethnicity,99,Total - age,99,Total - gender,8715,,,
DATAFLOW,STATSNZ:CEN23_DEP_019(1.0),"New Zealand index of socioeconomic deprivation, ethnicity (detailed single / combination), age, and gender for the census usually resident population count, (RC, TALB, Health), 2023 Census",I,2023,2023,201,Lakes,99,Not elsewhere included,9999,Total - ethnicity,99,Total - age,99,Total - gender,315,,,
DATAFLOW,STATSNZ:CEN23_DEP_019(1.0),"New Zealand index of socioeconomic deprivation, ethnicity (detailed single / combination), age, and gender for the census usually resident population count, (RC, TALB, Health), 2023 Census",I,2023,2023,204,Taranaki,08,8,9999,Total - ethnicity,99,Total - age,99,Total - gender,18396,,,
DATAFLOW,STATSNZ:CEN23_DEP_019(1.0),"New Zealand index of socioeconomic deprivation, ethnicity (detailed single / combination), age, and gender for the census usually resident population count, (RC, TALB, Health), 2023 Census",I,2023,2023,90,Area outside health region,07,7,9999,Total - ethnicity,99,Total - age,99,Total - gender,0,,,
DATAFLOW,STATSNZ:CEN23_DEP_019(1.0),"New Zealand index of socioeconomic deprivation, ethnicity (detailed single / combination), age, and gender for the census usually resident population count, (RC, TALB, Health), 2023 Census",I,2023,2023,401,West Coast,06,6,9999,Total - ethnicity,99,Total - age,99,Total - gender,4308,,,
DATAFLOW,STATSNZ:CEN23_DEP_019(1.0),"New Zealand index of socioeconomic deprivation, ethnicity (detailed single / combination), age, and gender for the census usually resident population count, (RC, TALB, Health), 2023 Census",I,2023,2023,204,Taranaki,02,2,9999,Total - ethnicity,99,Total - age,99,Total - gender,8934,,,
DATAFLOW,STATSNZ:CEN23_DEP_019(1.0),"New Zealand index of socioeconomic deprivation, ethnicity (detailed single / combination), age, and gender for the census usually resident population count, (RC, TALB, Health), 2023 Census",I,2023,2023,302,MidCentral,04,4,9999,Total - ethnicity,99,Total - age,99,Total - gender,13245,,,
DATAFLOW,STATSNZ:CEN23_DEP_019(1.0),"New Zealand index of socioeconomic deprivation, ethnicity (detailed single / combination), age, and gender for the census usually resident population count, (RC, TALB, Health), 2023 Census",I,2023,2023,99999,Total - New Zealand by health region/health district,04,4,9999,Total - ethnicity,99,Total - age,99,Total - gender,493194,,,
DATAFLOW,STATSNZ:CEN23_DEP_019(1.0),"New Zealand index of socioeconomic deprivation, ethnicity (detailed single / combination), age, and gender for the census usually resident population count, (RC, TALB, Health), 2023 Census",I,2023,2023,100,Northland,06,6,9999,Total - ethnicity,99,Total - age,99,Total - gender,16377,,,
DATAFLOW,STATSNZ:CEN23_DEP_019(1.0),"New Zealand index of socioeconomic deprivation, ethnicity (detailed single / combination), age, and gender for the census usually resident population count, (RC, TALB, Health), 2023 Census",I,2023,2023,99999,Total - New Zealand by health region/health district,01,1 - Least deprived,9999,Total - ethnicity,99,Total - age,99,Total - gender,482850,,,
DATAFLOW,STATSNZ:CEN23_DEP_019(1.0),"New Zealand index of socioeconomic deprivation, ethnicity (detailed single / combination), age, and gender for the census usually resident population count, (RC, TALB, Health), 2023 Census",I,2023,2023,303,"Capital, Coast and Hutt Valley",01,1 - Least deprived,9999,Total - ethnicity,99,Total - age,99,Total - gender,79602,,,
DATAFLOW,STATSNZ:CEN23_DEP_019(1.0),"New Zealand index of socioeconomic deprivation, ethnicity (detailed single / combination), age, and gender for the census usually resident population count, (RC, TALB, Health), 2023 Census",I,2023,2023,201,Lakes,05,5,9999,Total - ethnicity,99,Total - age,99,Total - gender,7995,,,
DATAFLOW,STATSNZ:CEN23_DEP_019(1.0),"New Zealand index of socioeconomic deprivation, ethnicity (detailed single / combination), age, and gender for the census usually resident population count, (RC, TALB, Health), 2023 Census",I,2023,2023,300,Hawke's Bay,06,6,9999,Total - ethnicity,99,Total - age,99,Total - gender,16176,,,
DATAFLOW,STATSNZ:CEN23_DEP_019(1.0),"New Zealand index of socioeconomic deprivation, ethnicity (detailed single / combination), age, and gender for the census usually resident population count, (RC, TALB, Health), 2023 Census",I,2023,2023,103,Counties Manukau,06,6,9999,Total - ethnicity,99,Total - age,99,Total - gender,40650,,,
DATAFLOW,STATSNZ:CEN23_DEP_019(1.0),"New Zealand index of socioeconomic deprivation, ethnicity (detailed single / combination), age, and gender for the census usually resident population count, (RC, TALB, Health), 2023 Census",I,2023,2023,301,Whanganui,02,2,9999,Total - ethnicity,99,Total - age,99,Total - gender,3249,,,
DATAFLOW,STATSNZ:CEN23_DEP_019(1.0),"New Zealand index of socioeconomic deprivation, ethnicity (detailed single / combination), age, and gender for the census usually resident population count, (RC, TALB, Health), 2023 Census",I,2023,2023,102,Auckland,03,3,9999,Total - ethnicity,99,Total - age,99,Total - gender,49614,,,
DATAFLOW,STATSNZ:CEN23_DEP_019(1.0),"New Zealand index of socioeconomic deprivation, ethnicity (detailed single / combination), age, and gender for the census usually resident population count, (RC, TALB, Health), 2023 Census",I,2023,2023,404,Southern,04,4,9999,Total - ethnicity,99,Total - age,99,Total - gender,37662,,,
DATAFLOW,STATSNZ:CEN23_DEP_019(1.0),"New Zealand index of socioeconomic deprivation, ethnicity (detailed single / combination), age, and gender for the census usually resident population count, (RC, TALB, Health), 2023 Census",I,2023,2023,202,Bay of Plenty,08,8,9999,Total - ethnicity,99,Total - age,99,Total - gender,29109,,,
DATAFLOW,STATSNZ:CEN23_DEP_019(1.0),"New Zealand index of socioeconomic deprivation, ethnicity (detailed single / combination), age, and gender for the census usually resident population count, (RC, TALB, Health), 2023 Census",I,2023,2023,202,Bay of Plenty,999,Total - New Zealand index of socioeconomic deprivation,9999,Total - ethnicity,99,Total - age,99,Total - gender,263835,,,
DATAFLOW,STATSNZ:CEN23_DEP_019(1.0),"New Zealand index of socioeconomic deprivation, ethnicity (detailed single / combination), age, and gender for the census usually resident population count, (RC, TALB, Health), 2023 Census",I,2023,2023,201,Lakes,04,4,9999,Total - ethnicity,99,Total - age,99,Total - gender,8382,,,
DATAFLOW,STATSNZ:CEN23_DEP_019(1.0),"New Zealand index of socioeconomic deprivation, ethnicity (detailed single / combination), age, and gender for the census usually resident population count, (RC, TALB, Health), 2023 Census",I,2023,2023,401,West Coast,07,7,9999,Total - ethnicity,99,Total - age,99,Total - gender,5169,,,
DATAFLOW,STATSNZ:CEN23_DEP_019(1.0),"New Zealand index of socioeconomic deprivation, ethnicity (detailed single / combination), age, and gender for the census usually resident population count, (RC, TALB, Health), 2023 Census",I,2023,2023,103,Counties Manukau,99,Not elsewhere included,9999,Total - ethnicity,99,Total - age,99,Total - gender,324,,,
DATAFLOW,STATSNZ:CEN23_DEP_019(1.0),"New Zealand index of socioeconomic deprivation, ethnicity (detailed single / combination), age, and gender for the census usually resident population count, (RC, TALB, Health), 2023 Census",I,2023,2023,300,Hawke's Bay,01,1 - Least deprived,9999,Total - ethnicity,99,Total - age,99,Total - gender,16842,,,
DATAFLOW,STATSNZ:CEN23_DEP_019(1.0),"New Zealand index of socioeconomic deprivation, ethnicity (detailed single / combination), age, and gender for the census usually resident population count, (RC, TALB, Health), 2023 Census",I,2023,2023,102,Auckland,01,1 - Least deprived,9999,Total - ethnicity,99,Total - age,99,Total - gender,37047,,,
DATAFLOW,STATSNZ:CEN23_DEP_019(1.0),"New Zealand index of socioeconomic deprivation, ethnicity (detailed single / combination), age, and gender for the census usually resident population count, (RC, TALB, Health), 2023 Census",I,2023,2023,200,Waikato,05,5,9999,Total - ethnicity,99,Total - age,99,Total - gender,41484,,,
DATAFLOW,STATSNZ:CEN23_DEP_019(1.0),"New Zealand index of socioeconomic deprivation, ethnicity (detailed single / combination), age, and gender for the census usually resident population count, (RC, TALB, Health), 2023 Census",I,2023,2023,20,Te Manawa Taki,02,2,9999,Total - ethnicity,99,Total - age,99,Total - gender,77925,,,
DATAFLOW,STATSNZ:CEN23_DEP_019(1.0),"New Zealand index of socioeconomic deprivation, ethnicity (detailed single / combination), age, and gender for the census usually resident population count, (RC, TALB, Health), 2023 Census",I,2023,2023,102,Auckland,999,Total - New Zealand index of socioeconomic deprivation,9999,Total - ethnicity,99,Total - age,99,Total - gender,464946,,,
DATAFLOW,STATSNZ:CEN23_DEP_019(1.0),"New Zealand index of socioeconomic deprivation, ethnicity (detailed single / combination), age, and gender for the census usually resident population count, (RC, TALB, Health), 2023 Census",I,2023,2023,304,Wairarapa,03,3,9999,Total - ethnicity,99,Total - age,99,Total - gender,5403,,,
DATAFLOW,STATSNZ:CEN23_DEP_019(1.0),"New Zealand index of socioeconomic deprivation, ethnicity (detailed single / combination), age, and gender for the census usually resident population count, (RC, TALB, Health), 2023 Census",I,2023,2023,404,Southern,09,9,9999,Total - ethnicity,99,Total - age,99,Total - gender,33372,,,
DATAFLOW,STATSNZ:CEN23_DEP_019(1.0),"New Zealand index of socioeconomic deprivation, ethnicity (detailed single / combination), age, and gender for the census usually resident population count, (RC, TALB, Health), 2023 Census",I,2023,2023,100,Northland,07,7,9999,Total - ethnicity,99,Total - age,99,Total - gender,20958,,,
DATAFLOW,STATSNZ:CEN23_DEP_019(1.0),"New Zealand index of socioeconomic deprivation, ethnicity (detailed single / combination), age, and gender for the census usually resident population count, (RC, TALB, Health), 2023 Census",I,2023,2023,90,Area outside health region,777,Total stated - New Zealand index of socioeconomic deprivation,9999,Total - ethnicity,99,Total - age,99,Total - gender,117,,,
DATAFLOW,STATSNZ:CEN23_DEP_019(1.0),"New Zealand index of socioeconomic deprivation, ethnicity (detailed single / combination), age, and gender for the census usually resident population count, (RC, TALB, Health), 2023 Census",I,2023,2023,202,Bay of Plenty,06,6,9999,Total - ethnicity,99,Total - age,99,Total - gender,29280,,,
DATAFLOW,STATSNZ:CEN23_DEP_019(1.0),"New Zealand index of socioeconomic deprivation, ethnicity (detailed single / combination), age, and gender for the census usually resident population count, (RC, TALB, Health), 2023 Census",I,2023,2023,103,Counties Manukau,08,8,9999,Total - ethnicity,99,Total - age,99,Total - gender,50979,,,
DATAFLOW,STATSNZ:CEN23_DEP_019(1.0),"New Zealand index of socioeconomic deprivation, ethnicity (detailed single / combination), age, and gender for the census usually resident population count, (RC, TALB, Health), 2023 Census",I,2023,2023,100,Northland,09,9,9999,Total - ethnicity,99,Total - age,99,Total - gender,30381,,,
DATAFLOW,STATSNZ:CEN23_DEP_019(1.0),"New Zealand index of socioeconomic deprivation, ethnicity (detailed single / combination), age, and gender for the census usually resident population count, (RC, TALB, Health), 2023 Census",I,2023,2023,203,Tairāwhiti,999,Total - New Zealand index of socioeconomic deprivation,9999,Total - ethnicity,99,Total - age,99,Total - gender,51135,,,
DATAFLOW,STATSNZ:CEN23_DEP_019(1.0),"New Zealand index of socioeconomic deprivation, ethnicity (detailed single / combination), age, and gender for the census usually resident population count, (RC, TALB, Health), 2023 Census",I,2023,2023,40,Te Waipounamu,99,Not elsewhere included,9999,Total - ethnicity,99,Total - age,99,Total - gender,288,,,
DATAFLOW,STATSNZ:CEN23_DEP_019(1.0),"New Zealand index of socioeconomic deprivation, ethnicity (detailed single / combination), age, and gender for the census usually resident population count, (RC, TALB, Health), 2023 Census",I,2023,2023,10,Northern Region,777,Total stated - New Zealand index of socioeconomic deprivation,9999,Total - ethnicity,99,Total - age,99,Total - gender,1875147,,,
DATAFLOW,STATSNZ:CEN23_DEP_019(1.0),"New Zealand index of socioeconomic deprivation, ethnicity (detailed single / combination), age, and gender for the census usually resident population count, (RC, TALB, Health), 2023 Census",I,2023,2023,302,MidCentral,777,Total stated - New Zealand index of socioeconomic deprivation,9999,Total - ethnicity,99,Total - age,99,Total - gender,184851,,,
DATAFLOW,STATSNZ:CEN23_DEP_019(1.0),"New Zealand index of socioeconomic deprivation, ethnicity (detailed single / combination), age, and gender for the census usually resident population count, (RC, TALB, Health), 2023 Census",I,2023,2023,203,Tairāwhiti,01,1 - Least deprived,9999,Total - ethnicity,99,Total - age,99,Total - gender,2538,,,
DATAFLOW,STATSNZ:CEN23_DEP_019(1.0),"New Zealand index of socioeconomic deprivation, ethnicity (detailed single / combination), age, and gender for the census usually resident population count, (RC, TALB, Health), 2023 Census",I,2023,2023,102,Auckland,09,9,9999,Total - ethnicity,99,Total - age,99,Total - gender,38643,,,
DATAFLOW,STATSNZ:CEN23_DEP_019(1.0),"New Zealand index of socioeconomic deprivation, ethnicity (detailed single / combination), age, and gender for the census usually resident population count, (RC, TALB, Health), 2023 Census",I,2023,2023,202,Bay of Plenty,10,10 - Most deprived,9999,Total - ethnicity,99,Total - age,99,Total - gender,25659,,,
DATAFLOW,STATSNZ:CEN23_DEP_019(1.0),"New Zealand index of socioeconomic deprivation, ethnicity (detailed single / combination), age, and gender for the census usually resident population count, (RC, TALB, Health), 2023 Census",I,2023,2023,404,Southern,02,2,9999,Total - ethnicity,99,Total - age,99,Total - gender,39423,,,
DATAFLOW,STATSNZ:CEN23_DEP_019(1.0),"New Zealand index of socioeconomic deprivation, ethnicity (detailed single / combination), age, and gender for the census usually resident population count, (RC, TALB, Health), 2023 Census",I,2023,2023,402,Canterbury,07,7,9999,Total - ethnicity,99,Total - age,99,Total - gender,60537,,,
DATAFLOW,STATSNZ:CEN23_DEP_019(1.0),"New Zealand index of socioeconomic deprivation, ethnicity (detailed single / combination), age, and gender for the census usually resident population count, (RC, TALB, Health), 2023 Census",I,2023,2023,101,Waitematā,06,6,9999,Total - ethnicity,99,Total - age,99,Total - gender,66174,,,
DATAFLOW,STATSNZ:CEN23_DEP_019(1.0),"New Zealand index of socioeconomic deprivation, ethnicity (detailed single / combination), age, and gender for the census usually resident population count, (RC, TALB, Health), 2023 Census",I,2023,2023,403,South Canterbury,05,5,9999,Total - ethnicity,99,Total - age,99,Total - gender,8244,,,
DATAFLOW,STATSNZ:CEN23_DEP_019(1.0),"New Zealand index of socioeconomic deprivation, ethnicity (detailed single / combination), age, and gender for the census usually resident population count, (RC, TALB, Health), 2023 Census",I,2023,2023,302,MidCentral,02,2,9999,Total - ethnicity,99,Total - age,99,Total - gender,13113,,,
DATAFLOW,STATSNZ:CEN23_DEP_019(1.0),"New Zealand index of socioeconomic deprivation, ethnicity (detailed single / combination), age, and gender for the census usually resident population count, (RC, TALB, Health), 2023 Census",I,2023,2023,303,"Capital, Coast and Hutt Valley",999,Total - New Zealand index of socioeconomic deprivation,9999,Total - ethnicity,99,Total - age,99,Total - gender,461358,,,
DATAFLOW,STATSNZ:CEN23_DEP_019(1.0),"New Zealand index of socioeconomic deprivation, ethnicity (detailed single / combination), age, and gender for the census usually resident population count, (RC, TALB, Health), 2023 Census",I,2023,2023,400,Nelson Marlborough,99,Not elsewhere included,9999,Total - ethnicity,99,Total - age,99,Total - gender,69,,,
DATAFLOW,STATSNZ:CEN23_DEP_019(1.0),"New Zealand index of socioeconomic deprivation, ethnicity (detailed single / combination), age, and gender for the census usually resident population count, (RC, TALB, Health), 2023 Census",I,2023,2023,201,Lakes,08,8,9999,Total - ethnicity,99,Total - age,99,Total - gender,12642,,,
DATAFLOW,STATSNZ:CEN23_DEP_019(1.0),"New Zealand index of socioeconomic deprivation, ethnicity (detailed single / combination), age, and gender for the census usually resident population count, (RC, TALB, Health), 2023 Census",I,2023,2023,204,Taranaki,01,1 - Least deprived,9999,Total - ethnicity,99,Total - age,99,Total - gender,7935,,,
DATAFLOW,STATSNZ:CEN23_DEP_019(1.0),"New Zealand index of socioeconomic deprivation, ethnicity (detailed single / combination), age, and gender for the census usually resident population count, (RC, TALB, Health), 2023 Census",I,2023,2023,404,Southern,777,Total stated - New Zealand index of socioeconomic deprivation,9999,Total - ethnicity,99,Total - age,99,Total - gender,342798,,,
DATAFLOW,STATSNZ:CEN23_DEP_019(1.0),"New Zealand index of socioeconomic deprivation, ethnicity (detailed single / combination), age, and gender for the census usually resident population count, (RC, TALB, Health), 2023 Census",I,2023,2023,303,"Capital, Coast and Hutt Valley",03,3,9999,Total - ethnicity,99,Total - age,99,Total - gender,52101,,,
DATAFLOW,STATSNZ:CEN23_DEP_019(1.0),"New Zealand index of socioeconomic deprivation, ethnicity (detailed single / combination), age, and gender for the census usually resident population count, (RC, TALB, Health), 2023 Census",I,2023,2023,300,Hawke's Bay,08,8,9999,Total - ethnicity,99,Total - age,99,Total - gender,18795,,,
DATAFLOW,STATSNZ:CEN23_DEP_019(1.0),"New Zealand index of socioeconomic deprivation, ethnicity (detailed single / combination), age, and gender for the census usually resident population count, (RC, TALB, Health), 2023 Census",I,2023,2023,404,Southern,05,5,9999,Total - ethnicity,99,Total - age,99,Total - gender,37353,,,
DATAFLOW,STATSNZ:CEN23_DEP_019(1.0),"New Zealand index of socioeconomic deprivation, ethnicity (detailed single / combination), age, and gender for the census usually resident population count, (RC, TALB, Health), 2023 Census",I,2023,2023,301,Whanganui,09,9,9999,Total - ethnicity,99,Total - age,99,Total - gender,13017,,,
DATAFLOW,STATSNZ:CEN23_DEP_019(1.0),"New Zealand index of socioeconomic deprivation, ethnicity (detailed single / combination), age, and gender for the census usually resident population count, (RC, TALB, Health), 2023 Census",I,2023,2023,203,Tairāwhiti,02,2,9999,Total - ethnicity,99,Total - age,99,Total - gender,2946,,,
DATAFLOW,STATSNZ:CEN23_DEP_019(1.0),"New Zealand index of socioeconomic deprivation, ethnicity (detailed single / combination), age, and gender for the census usually resident population count, (RC, TALB, Health), 2023 Census",I,2023,2023,401,West Coast,05,5,9999,Total - ethnicity,99,Total - age,99,Total - gender,2913,,,
DATAFLOW,STATSNZ:CEN23_DEP_019(1.0),"New Zealand index of socioeconomic deprivation, ethnicity (detailed single / combination), age, and gender for the census usually resident population count, (RC, TALB, Health), 2023 Census",I,2023,2023,103,Counties Manukau,01,1 - Least deprived,9999,Total - ethnicity,99,Total - age,99,Total - gender,30978,,,
DATAFLOW,STATSNZ:CEN23_DEP_019(1.0),"New Zealand index of socioeconomic deprivation, ethnicity (detailed single / combination), age, and gender for the census usually resident population count, (RC, TALB, Health), 2023 Census",I,2023,2023,402,Canterbury,10,10 - Most deprived,9999,Total - ethnicity,99,Total - age,99,Total - gender,25206,,,
DATAFLOW,STATSNZ:CEN23_DEP_019(1.0),"New Zealand index of socioeconomic deprivation, ethnicity (detailed single / combination), age, and gender for the census usually resident population count, (RC, TALB, Health), 2023 Census",I,2023,2023,99999,Total - New Zealand by health region/health district,99,Not elsewhere included,9999,Total - ethnicity,99,Total - age,99,Total - gender,1212,,,
DATAFLOW,STATSNZ:CEN23_DEP_019(1.0),"New Zealand index of socioeconomic deprivation, ethnicity (detailed single / combination), age, and gender for the census usually resident population count, (RC, TALB, Health), 2023 Census",I,2023,2023,203,Tairāwhiti,03,3,9999,Total - ethnicity,99,Total - age,99,Total - gender,2229,,,
DATAFLOW,STATSNZ:CEN23_DEP_019(1.0),"New Zealand index of socioeconomic deprivation, ethnicity (detailed single / combination), age, and gender for the census usually resident population count, (RC, TALB, Health), 2023 Census",I,2023,2023,400,Nelson Marlborough,08,8,9999,Total - ethnicity,99,Total - age,99,Total - gender,17841,,,
DATAFLOW,STATSNZ:CEN23_DEP_019(1.0),"New Zealand index of socioeconomic deprivation, ethnicity (detailed single / combination), age, and gender for the census usually resident population count, (RC, TALB, Health), 2023 Census",I,2023,2023,101,Waitematā,10,10 - Most deprived,9999,Total - ethnicity,99,Total - age,99,Total - gender,23841,,,
DATAFLOW,STATSNZ:CEN23_DEP_019(1.0),"New Zealand index of socioeconomic deprivation, ethnicity (detailed single / combination), age, and gender for the census usually resident population count, (RC, TALB, Health), 2023 Census",I,2023,2023,303,"Capital, Coast and Hutt Valley",04,4,9999,Total - ethnicity,99,Total - age,99,Total - gender,51324,,,
DATAFLOW,STATSNZ:CEN23_DEP_019(1.0),"New Zealand index of socioeconomic deprivation, ethnicity (detailed single / combination), age, and gender for the census usually resident population count, (RC, TALB, Health), 2023 Census",I,2023,2023,300,Hawke's Bay,09,9,9999,Total - ethnicity,99,Total - age,99,Total - gender,18417,,,
DATAFLOW,STATSNZ:CEN23_DEP_019(1.0),"New Zealand index of socioeconomic deprivation, ethnicity (detailed single / combination), age, and gender for the census usually resident population count, (RC, TALB, Health), 2023 Census",I,2023,2023,202,Bay of Plenty,04,4,9999,Total - ethnicity,99,Total - age,99,Total - gender,29010,,,
DATAFLOW,STATSNZ:CEN23_DEP_019(1.0),"New Zealand index of socioeconomic deprivation, ethnicity (detailed single / combination), age, and gender for the census usually resident population count, (RC, TALB, Health), 2023 Census",I,2023,2023,200,Waikato,08,8,9999,Total - ethnicity,99,Total - age,99,Total - gender,54450,,,
DATAFLOW,STATSNZ:CEN23_DEP_019(1.0),"New Zealand index of socioeconomic deprivation, ethnicity (detailed single / combination), age, and gender for the census usually resident population count, (RC, TALB, Health), 2023 Census",I,2023,2023,90,Area outside health region,02,2,9999,Total - ethnicity,99,Total - age,99,Total - gender,27,,,
DATAFLOW,STATSNZ:CEN23_DEP_019(1.0),"New Zealand index of socioeconomic deprivation, ethnicity (detailed single / combination), age, and gender for the census usually resident population count, (RC, TALB, Health), 2023 Census",I,2023,2023,400,Nelson Marlborough,04,4,9999,Total - ethnicity,99,Total - age,99,Total - gender,16536,,,
DATAFLOW,STATSNZ:CEN23_DEP_019(1.0),"New Zealand index of socioeconomic deprivation, ethnicity (detailed single / combination), age, and gender for the census usually resident population count, (RC, TALB, Health), 2023 Census",I,2023,2023,100,Northland,99,Not elsewhere included,9999,Total - ethnicity,99,Total - age,99,Total - gender,15,,,
DATAFLOW,STATSNZ:CEN23_DEP_019(1.0),"New Zealand index of socioeconomic deprivation, ethnicity (detailed single / combination), age, and gender for the census usually resident population count, (RC, TALB, Health), 2023 Census",I,2023,2023,100,Northland,02,2,9999,Total - ethnicity,99,Total - age,99,Total - gender,8127,,,
DATAFLOW,STATSNZ:CEN23_DEP_019(1.0),"New Zealand index of socioeconomic deprivation, ethnicity (detailed single / combination), age, and gender for the census usually resident population count, (RC, TALB, Health), 2023 Census",I,2023,2023,402,Canterbury,04,4,9999,Total - ethnicity,99,Total - age,99,Total - gender,62859,,,
DATAFLOW,STATSNZ:CEN23_DEP_019(1.0),"New Zealand index of socioeconomic deprivation, ethnicity (detailed single / combination), age, and gender for the census usually resident population count, (RC, TALB, Health), 2023 Census",I,2023,2023,102,Auckland,10,10 - Most deprived,9999,Total - ethnicity,99,Total - age,99,Total - gender,45837,,,
DATAFLOW,STATSNZ:CEN23_DEP_019(1.0),"New Zealand index of socioeconomic deprivation, ethnicity (detailed single / combination), age, and gender for the census usually resident population count, (RC, TALB, Health), 2023 Census",I,2023,2023,30,Central Region,06,6,9999,Total - ethnicity,99,Total - age,99,Total - gender,95145,,,
DATAFLOW,STATSNZ:CEN23_DEP_019(1.0),"New Zealand index of socioeconomic deprivation, ethnicity (detailed single / combination), age, and gender for the census usually resident population count, (RC, TALB, Health), 2023 Census",I,2023,2023,99999,Total - New Zealand by health region/health district,05,5,9999,Total - ethnicity,99,Total - age,99,Total - gender,492450,,,
DATAFLOW,STATSNZ:CEN23_DEP_019(1.0),"New Zealand index of socioeconomic deprivation, ethnicity (detailed single / combination), age, and gender for the census usually resident population count, (RC, TALB, Health), 2023 Census",I,2023,2023,300,Hawke's Bay,999,Total - New Zealand index of socioeconomic deprivation,9999,Total - ethnicity,99,Total - age,99,Total - gender,174966,,,
DATAFLOW,STATSNZ:CEN23_DEP_019(1.0),"New Zealand index of socioeconomic deprivation, ethnicity (detailed single / combination), age, and gender for the census usually resident population count, (RC, TALB, Health), 2023 Census",I,2023,2023,301,Whanganui,10,10 - Most deprived,9999,Total - ethnicity,99,Total - age,99,Total - gender,12237,,,
DATAFLOW,STATSNZ:CEN23_DEP_019(1.0),"New Zealand index of socioeconomic deprivation, ethnicity (detailed single / combination), age, and gender for the census usually resident population count, (RC, TALB, Health), 2023 Census",I,2023,2023,403,South Canterbury,999,Total - New Zealand index of socioeconomic deprivation,9999,Total - ethnicity,99,Total - age,99,Total - gender,60783,,,
DATAFLOW,STATSNZ:CEN23_DEP_019(1.0),"New Zealand index of socioeconomic deprivation, ethnicity (detailed single / combination), age, and gender for the census usually resident population count, (RC, TALB, Health), 2023 Census",I,2023,2023,304,Wairarapa,01,1 - Least deprived,9999,Total - ethnicity,99,Total - age,99,Total - gender,3681,,,
DATAFLOW,STATSNZ:CEN23_DEP_019(1.0),"New Zealand index of socioeconomic deprivation, ethnicity (detailed single / combination), age, and gender for the census usually resident population count, (RC, TALB, Health), 2023 Census",I,2023,2023,304,Wairarapa,99,Not elsewhere included,9999,Total - ethnicity,99,Total - age,99,Total - gender,0,,,
DATAFLOW,STATSNZ:CEN23_DEP_019(1.0),"New Zealand index of socioeconomic deprivation, ethnicity (detailed single / combination), age, and gender for the census usually resident population count, (RC, TALB, Health), 2023 Census",I,2023,2023,200,Waikato,999,Total - New Zealand index of socioeconomic deprivation,9999,Total - ethnicity,99,Total - age,99,Total - gender,438039,,,
DATAFLOW,STATSNZ:CEN23_DEP_019(1.0),"New Zealand index of socioeconomic deprivation, ethnicity (detailed single / combination), age, and gender for the census usually resident population count, (RC, TALB, Health), 2023 Census",I,2023,2023,203,Tairāwhiti,06,6,9999,Total - ethnicity,99,Total - age,99,Total - gender,3570,,,
DATAFLOW,STATSNZ:CEN23_DEP_019(1.0),"New Zealand index of socioeconomic deprivation, ethnicity (detailed single / combination), age, and gender for the census usually resident population count, (RC, TALB, Health), 2023 Census",I,2023,2023,102,Auckland,05,5,9999,Total - ethnicity,99,Total - age,99,Total - gender,49281,,,
DATAFLOW,STATSNZ:CEN23_DEP_019(1.0),"New Zealand index of socioeconomic deprivation, ethnicity (detailed single / combination), age, and gender for the census usually resident population count, (RC, TALB, Health), 2023 Census",I,2023,2023,200,Waikato,02,2,9999,Total - ethnicity,99,Total - age,99,Total - gender,31500,,,
DATAFLOW,STATSNZ:CEN23_DEP_019(1.0),"New Zealand index of socioeconomic deprivation, ethnicity (detailed single / combination), age, and gender for the census usually resident population count, (RC, TALB, Health), 2023 Census",I,2023,2023,201,Lakes,06,6,9999,Total - ethnicity,99,Total - age,99,Total - gender,9582,,,
DATAFLOW,STATSNZ:CEN23_DEP_019(1.0),"New Zealand index of socioeconomic deprivation, ethnicity (detailed single / combination), age, and gender for the census usually resident population count, (RC, TALB, Health), 2023 Census",I,2023,2023,300,Hawke's Bay,07,7,9999,Total - ethnicity,99,Total - age,99,Total - gender,20253,,,
DATAFLOW,STATSNZ:CEN23_DEP_019(1.0),"New Zealand index of socioeconomic deprivation, ethnicity (detailed single / combination), age, and gender for the census usually resident population count, (RC, TALB, Health), 2023 Census",I,2023,2023,40,Te Waipounamu,08,8,9999,Total - ethnicity,99,Total - age,99,Total - gender,117654,,,
DATAFLOW,STATSNZ:CEN23_DEP_019(1.0),"New Zealand index of socioeconomic deprivation, ethnicity (detailed single / combination), age, and gender for the census usually resident population count, (RC, TALB, Health), 2023 Census",I,2023,2023,202,Bay of Plenty,05,5,9999,Total - ethnicity,99,Total - age,99,Total - gender,31626,,,
DATAFLOW,STATSNZ:CEN23_DEP_019(1.0),"New Zealand index of socioeconomic deprivation, ethnicity (detailed single / combination), age, and gender for the census usually resident population count, (RC, TALB, Health), 2023 Census",I,2023,2023,300,Hawke's Bay,04,4,9999,Total - ethnicity,99,Total - age,99,Total - gender,14808,,,
DATAFLOW,STATSNZ:CEN23_DEP_019(1.0),"New Zealand index of socioeconomic deprivation, ethnicity (detailed single / combination), age, and gender for the census usually resident population count, (RC, TALB, Health), 2023 Census",I,2023,2023,40,Te Waipounamu,03,3,9999,Total - ethnicity,99,Total - age,99,Total - gender,127377,,,
DATAFLOW,STATSNZ:CEN23_DEP_019(1.0),"New Zealand index of socioeconomic deprivation, ethnicity (detailed single / combination), age, and gender for the census usually resident population count, (RC, TALB, Health), 2023 Census",I,2023,2023,200,Waikato,06,6,9999,Total - ethnicity,99,Total - age,99,Total - gender,46629,,,
DATAFLOW,STATSNZ:CEN23_DEP_019(1.0),"New Zealand index of socioeconomic deprivation, ethnicity (detailed single / combination), age, and gender for the census usually resident population count, (RC, TALB, Health), 2023 Census",I,2023,2023,99999,Total - New Zealand by health region/health district,999,Total - New Zealand index of socioeconomic deprivation,9999,Total - ethnicity,99,Total - age,99,Total - gender,4993923,,,
DATAFLOW,STATSNZ:CEN23_DEP_019(1.0),"New Zealand index of socioeconomic deprivation, ethnicity (detailed single / combination), age, and gender for the census usually resident population count, (RC, TALB, Health), 2023 Census",I,2023,2023,302,MidCentral,07,7,9999,Total - ethnicity,99,Total - age,99,Total - gender,26442,,,
DATAFLOW,STATSNZ:CEN23_DEP_019(1.0),"New Zealand index of socioeconomic deprivation, ethnicity (detailed single / combination), age, and gender for the census usually resident population count, (RC, TALB, Health), 2023 Census",I,2023,2023,102,Auckland,08,8,9999,Total - ethnicity,99,Total - age,99,Total - gender,46134,,,
DATAFLOW,STATSNZ:CEN23_DEP_019(1.0),"New Zealand index of socioeconomic deprivation, ethnicity (detailed single / combination), age, and gender for the census usually resident population count, (RC, TALB, Health), 2023 Census",I,2023,2023,40,Te Waipounamu,999,Total - New Zealand index of socioeconomic deprivation,9999,Total - ethnicity,99,Total - age,99,Total - gender,1185888,,,
DATAFLOW,STATSNZ:CEN23_DEP_019(1.0),"New Zealand index of socioeconomic deprivation, ethnicity (detailed single / combination), age, and gender for the census usually resident population count, (RC, TALB, Health), 2023 Census",I,2023,2023,203,Tairāwhiti,10,10 - Most deprived,9999,Total - ethnicity,99,Total - age,99,Total - gender,17451,,,
DATAFLOW,STATSNZ:CEN23_DEP_019(1.0),"New Zealand index of socioeconomic deprivation, ethnicity (detailed single / combination), age, and gender for the census usually resident population count, (RC, TALB, Health), 2023 Census",I,2023,2023,202,Bay of Plenty,777,Total stated - New Zealand index of socioeconomic deprivation,9999,Total - ethnicity,99,Total - age,99,Total - gender,263748,,,
DATAFLOW,STATSNZ:CEN23_DEP_019(1.0),"New Zealand index of socioeconomic deprivation, ethnicity (detailed single / combination), age, and gender for the census usually resident population count, (RC, TALB, Health), 2023 Census",I,2023,2023,30,Central Region,777,Total stated - New Zealand index of socioeconomic deprivation,9999,Total - ethnicity,99,Total - age,99,Total - gender,938730,,,
DATAFLOW,STATSNZ:CEN23_DEP_019(1.0),"New Zealand index of socioeconomic deprivation, ethnicity (detailed single / combination), age, and gender for the census usually resident population count, (RC, TALB, Health), 2023 Census",I,2023,2023,40,Te Waipounamu,06,6,9999,Total - ethnicity,99,Total - age,99,Total - gender,121962,,,
DATAFLOW,STATSNZ:CEN23_DEP_019(1.0),"New Zealand index of socioeconomic deprivation, ethnicity (detailed single / combination), age, and gender for the census usually resident population count, (RC, TALB, Health), 2023 Census",I,2023,2023,401,West Coast,04,4,9999,Total - ethnicity,99,Total - age,99,Total - gender,2796,,,
DATAFLOW,STATSNZ:CEN23_DEP_019(1.0),"New Zealand index of socioeconomic deprivation, ethnicity (detailed single / combination), age, and gender for the census usually resident population count, (RC, TALB, Health), 2023 Census",I,2023,2023,90,Area outside health region,04,4,9999,Total - ethnicity,99,Total - age,99,Total - gender,0,,,
DATAFLOW,STATSNZ:CEN23_DEP_019(1.0),"New Zealand index of socioeconomic deprivation, ethnicity (detailed single / combination), age, and gender for the census usually resident population count, (RC, TALB, Health), 2023 Census",I,2023,2023,300,Hawke's Bay,02,2,9999,Total - ethnicity,99,Total - age,99,Total - gender,13836,,,
DATAFLOW,STATSNZ:CEN23_DEP_019(1.0),"New Zealand index of socioeconomic deprivation, ethnicity (detailed single / combination), age, and gender for the census usually resident population count, (RC, TALB, Health), 2023 Census",I,2023,2023,304,Wairarapa,999,Total - New Zealand index of socioeconomic deprivation,9999,Total - ethnicity,99,Total - age,99,Total - gender,49599,,,
DATAFLOW,STATSNZ:CEN23_DEP_019(1.0),"New Zealand index of socioeconomic deprivation, ethnicity (detailed single / combination), age, and gender for the census usually resident population count, (RC, TALB, Health), 2023 Census",I,2023,2023,404,Southern,06,6,9999,Total - ethnicity,99,Total - age,99,Total - gender,35790,,,
DATAFLOW,STATSNZ:CEN23_DEP_019(1.0),"New Zealand index of socioeconomic deprivation, ethnicity (detailed single / combination), age, and gender for the census usually resident population count, (RC, TALB, Health), 2023 Census",I,2023,2023,304,Wairarapa,07,7,9999,Total - ethnicity,99,Total - age,99,Total - gender,6477,,,
DATAFLOW,STATSNZ:CEN23_DEP_019(1.0),"New Zealand index of socioeconomic deprivation, ethnicity (detailed single / combination), age, and gender for the census usually resident population count, (RC, TALB, Health), 2023 Census",I,2023,2023,203,Tairāwhiti,05,5,9999,Total - ethnicity,99,Total - age,99,Total - gender,2859,,,
DATAFLOW,STATSNZ:CEN23_DEP_019(1.0),"New Zealand index of socioeconomic deprivation, ethnicity (detailed single / combination), age, and gender for the census usually resident population count, (RC, TALB, Health), 2023 Census",I,2023,2023,204,Taranaki,06,6,9999,Total - ethnicity,99,Total - age,99,Total - gender,13824,,,
DATAFLOW,STATSNZ:CEN23_DEP_019(1.0),"New Zealand index of socioeconomic deprivation, ethnicity (detailed single / combination), age, and gender for the census usually resident population count, (RC, TALB, Health), 2023 Census",I,2023,2023,20,Te Manawa Taki,10,10 - Most deprived,9999,Total - ethnicity,99,Total - age,99,Total - gender,128157,,,
DATAFLOW,STATSNZ:CEN23_DEP_019(1.0),"New Zealand index of socioeconomic deprivation, ethnicity (detailed single / combination), age, and gender for the census usually resident population count, (RC, TALB, Health), 2023 Census",I,2023,2023,90,Area outside health region,999,Total - New Zealand index of socioeconomic deprivation,9999,Total - ethnicity,99,Total - age,99,Total - gender,207,,,
DATAFLOW,STATSNZ:CEN23_DEP_019(1.0),"New Zealand index of socioeconomic deprivation, ethnicity (detailed single / combination), age, and gender for the census usually resident population count, (RC, TALB, Health), 2023 Census",I,2023,2023,30,Central Region,08,8,9999,Total - ethnicity,99,Total - age,99,Total - gender,86079,,,
DATAFLOW,STATSNZ:CEN23_DEP_019(1.0),"New Zealand index of socioeconomic deprivation, ethnicity (detailed single / combination), age, and gender for the census usually resident population count, (RC, TALB, Health), 2023 Census",I,2023,2023,201,Lakes,02,2,9999,Total - ethnicity,99,Total - age,99,Total - gender,8553,,,
DATAFLOW,STATSNZ:CEN23_DEP_019(1.0),"New Zealand index of socioeconomic deprivation, ethnicity (detailed single / combination), age, and gender for the census usually resident population count, (RC, TALB, Health), 2023 Census",I,2023,2023,403,South Canterbury,04,4,9999,Total - ethnicity,99,Total - age,99,Total - gender,6135,,,
DATAFLOW,STATSNZ:CEN23_DEP_019(1.0),"New Zealand index of socioeconomic deprivation, ethnicity (detailed single / combination), age, and gender for the census usually resident population count, (RC, TALB, Health), 2023 Census",I,2023,2023,204,Taranaki,09,9,9999,Total - ethnicity,99,Total - age,99,Total - gender,15141,,,
DATAFLOW,STATSNZ:CEN23_DEP_019(1.0),"New Zealand index of socioeconomic deprivation, ethnicity (detailed single / combination), age, and gender for the census usually resident population count, (RC, TALB, Health), 2023 Census",I,2023,2023,300,Hawke's Bay,03,3,9999,Total - ethnicity,99,Total - age,99,Total - gender,12435,,,
DATAFLOW,STATSNZ:CEN23_DEP_019(1.0),"New Zealand index of socioeconomic deprivation, ethnicity (detailed single / combination), age, and gender for the census usually resident population count, (RC, TALB, Health), 2023 Census",I,2023,2023,102,Auckland,04,4,9999,Total - ethnicity,99,Total - age,99,Total - gender,53214,,,
DATAFLOW,STATSNZ:CEN23_DEP_019(1.0),"New Zealand index of socioeconomic deprivation, ethnicity (detailed single / combination), age, and gender for the census usually resident population count, (RC, TALB, Health), 2023 Census",I,2023,2023,10,Northern Region,08,8,9999,Total - ethnicity,99,Total - age,99,Total - gender,174267,,,
DATAFLOW,STATSNZ:CEN23_DEP_019(1.0),"New Zealand index of socioeconomic deprivation, ethnicity (detailed single / combination), age, and gender for the census usually resident population count, (RC, TALB, Health), 2023 Census",I,2023,2023,303,"Capital, Coast and Hutt Valley",05,5,9999,Total - ethnicity,99,Total - age,99,Total - gender,44514,,,
DATAFLOW,STATSNZ:CEN23_DEP_019(1.0),"New Zealand index of socioeconomic deprivation, ethnicity (detailed single / combination), age, and gender for the census usually resident population count, (RC, TALB, Health), 2023 Census",I,2023,2023,101,Waitematā,01,1 - Least deprived,9999,Total - ethnicity,99,Total - age,99,Total - gender,72393,,,
DATAFLOW,STATSNZ:CEN23_DEP_019(1.0),"New Zealand index of socioeconomic deprivation, ethnicity (detailed single / combination), age, and gender for the census usually resident population count, (RC, TALB, Health), 2023 Census",I,2023,2023,90,Area outside health region,99,Not elsewhere included,9999,Total - ethnicity,99,Total - age,99,Total - gender,90,,,
DATAFLOW,STATSNZ:CEN23_DEP_019(1.0),"New Zealand index of socioeconomic deprivation, ethnicity (detailed single / combination), age, and gender for the census usually resident population count, (RC, TALB, Health), 2023 Census",I,2023,2023,101,Waitematā,99,Not elsewhere included,9999,Total - ethnicity,99,Total - age,99,Total - gender,24,,,
DATAFLOW,STATSNZ:CEN23_DEP_019(1.0),"New Zealand index of socioeconomic deprivation, ethnicity (detailed single / combination), age, and gender for the census usually resident population count, (RC, TALB, Health), 2023 Census",I,2023,2023,103,Counties Manukau,04,4,9999,Total - ethnicity,99,Total - age,99,Total - gender,49011,,,
DATAFLOW,STATSNZ:CEN23_DEP_019(1.0),"New Zealand index of socioeconomic deprivation, ethnicity (detailed single / combination), age, and gender for the census usually resident population count, (RC, TALB, Health), 2023 Census",I,2023,2023,90,Area outside health region,05,5,9999,Total - ethnicity,99,Total - age,99,Total - gender,0,,,
DATAFLOW,STATSNZ:CEN23_DEP_019(1.0),"New Zealand index of socioeconomic deprivation, ethnicity (detailed single / combination), age, and gender for the census usually resident population count, (RC, TALB, Health), 2023 Census",I,2023,2023,99999,Total - New Zealand by health region/health district,777,Total stated - New Zealand index of socioeconomic deprivation,9999,Total - ethnicity,99,Total - age,99,Total - gender,4992711,,,
DATAFLOW,STATSNZ:CEN23_DEP_019(1.0),"New Zealand index of socioeconomic deprivation, ethnicity (detailed single / combination), age, and gender for the census usually resident population count, (RC, TALB, Health), 2023 Census",I,2023,2023,102,Auckland,02,2,9999,Total - ethnicity,99,Total - age,99,Total - gender,47022,,,
DATAFLOW,STATSNZ:CEN23_DEP_019(1.0),"New Zealand index of socioeconomic deprivation, ethnicity (detailed single / combination), age, and gender for the census usually resident population count, (RC, TALB, Health), 2023 Census",I,2023,2023,100,Northland,999,Total - New Zealand index of socioeconomic deprivation,9999,Total - ethnicity,99,Total - age,99,Total - gender,194004,,,
DATAFLOW,STATSNZ:CEN23_DEP_019(1.0),"New Zealand index of socioeconomic deprivation, ethnicity (detailed single / combination), age, and gender for the census usually resident population count, (RC, TALB, Health), 2023 Census",I,2023,2023,99999,Total - New Zealand by health region/health district,03,3,9999,Total - ethnicity,99,Total - age,99,Total - gender,491205,,,
DATAFLOW,STATSNZ:CEN23_DEP_019(1.0),"New Zealand index of socioeconomic deprivation, ethnicity (detailed single / combination), age, and gender for the census usually resident population count, (RC, TALB, Health), 2023 Census",I,2023,2023,100,Northland,10,10 - Most deprived,9999,Total - ethnicity,99,Total - age,99,Total - gender,46809,,,
DATAFLOW,STATSNZ:CEN23_DEP_019(1.0),"New Zealand index of socioeconomic deprivation, ethnicity (detailed single / combination), age, and gender for the census usually resident population count, (RC, TALB, Health), 2023 Census",I,2023,2023,102,Auckland,777,Total stated - New Zealand index of socioeconomic deprivation,9999,Total - ethnicity,99,Total - age,99,Total - gender,464928,,,
DATAFLOW,STATSNZ:CEN23_DEP_019(1.0),"New Zealand index of socioeconomic deprivation, ethnicity (detailed single / combination), age, and gender for the census usually resident population count, (RC, TALB, Health), 2023 Census",I,2023,2023,90,Area outside health region,06,6,9999,Total - ethnicity,99,Total - age,99,Total - gender,30,,,
DATAFLOW,STATSNZ:CEN23_DEP_019(1.0),"New Zealand index of socioeconomic deprivation, ethnicity (detailed single / combination), age, and gender for the census usually resident population count, (RC, TALB, Health), 2023 Census",I,2023,2023,100,Northland,08,8,9999,Total - ethnicity,99,Total - age,99,Total - gender,24339,,,
DATAFLOW,STATSNZ:CEN23_DEP_019(1.0),"New Zealand index of socioeconomic deprivation, ethnicity (detailed single / combination), age, and gender for the census usually resident population count, (RC, TALB, Health), 2023 Census",I,2023,2023,201,Lakes,999,Total - New Zealand index of socioeconomic deprivation,9999,Total - ethnicity,99,Total - age,99,Total - gender,114354,,,
DATAFLOW,STATSNZ:CEN23_DEP_019(1.0),"New Zealand index of socioeconomic deprivation, ethnicity (detailed single / combination), age, and gender for the census usually resident population count, (RC, TALB, Health), 2023 Census",I,2023,2023,300,Hawke's Bay,05,5,9999,Total - ethnicity,99,Total - age,99,Total - gender,15627,,,
DATAFLOW,STATSNZ:CEN23_DEP_019(1.0),"New Zealand index of socioeconomic deprivation, ethnicity (detailed single / combination), age, and gender for the census usually resident population count, (RC, TALB, Health), 2023 Census",I,2023,2023,10,Northern Region,06,6,9999,Total - ethnicity,99,Total - age,99,Total - gender,173478,,,
DATAFLOW,STATSNZ:CEN23_DEP_019(1.0),"New Zealand index of socioeconomic deprivation, ethnicity (detailed single / combination), age, and gender for the census usually resident population count, (RC, TALB, Health), 2023 Census",I,2023,2023,200,Waikato,04,4,9999,Total - ethnicity,99,Total - age,99,Total - gender,34623,,,
DATAFLOW,STATSNZ:CEN23_DEP_019(1.0),"New Zealand index of socioeconomic deprivation, ethnicity (detailed single / combination), age, and gender for the census usually resident population count, (RC, TALB, Health), 2023 Census",I,2023,2023,10,Northern Region,05,5,9999,Total - ethnicity,99,Total - age,99,Total - gender,183669,,,
DATAFLOW,STATSNZ:CEN23_DEP_019(1.0),"New Zealand index of socioeconomic deprivation, ethnicity (detailed single / combination), age, and gender for the census usually resident population count, (RC, TALB, Health), 2023 Census",I,2023,2023,402,Canterbury,02,2,9999,Total - ethnicity,99,Total - age,99,Total - gender,70572,,,
DATAFLOW,STATSNZ:CEN23_DEP_019(1.0),"New Zealand index of socioeconomic deprivation, ethnicity (detailed single / combination), age, and gender for the census usually resident population count, (RC, TALB, Health), 2023 Census",I,2023,2023,103,Counties Manukau,02,2,9999,Total - ethnicity,99,Total - age,99,Total - gender,44124,,,
DATAFLOW,STATSNZ:CEN23_DEP_019(1.0),"New Zealand index of socioeconomic deprivation, ethnicity (detailed single / combination), age, and gender for the census usually resident population count, (RC, TALB, Health), 2023 Census",I,2023,2023,90,Area outside health region,10,10 - Most deprived,9999,Total - ethnicity,99,Total - age,99,Total - gender,0,,,
DATAFLOW,STATSNZ:CEN23_DEP_019(1.0),"New Zealand index of socioeconomic deprivation, ethnicity (detailed single / combination), age, and gender for the census usually resident population count, (RC, TALB, Health), 2023 Census",I,2023,2023,20,Te Manawa Taki,06,6,9999,Total - ethnicity,99,Total - age,99,Total - gender,102888,,,
DATAFLOW,STATSNZ:CEN23_DEP_019(1.0),"New Zealand index of socioeconomic deprivation, ethnicity (detailed single / combination), age, and gender for the census usually resident population count, (RC, TALB, Health), 2023 Census",I,2023,2023,200,Waikato,777,Total stated - New Zealand index of socioeconomic deprivation,9999,Total - ethnicity,99,Total - age,99,Total - gender,438030,,,
DATAFLOW,STATSNZ:CEN23_DEP_019(1.0),"New Zealand index of socioeconomic deprivation, ethnicity (detailed single / combination), age, and gender for the census usually resident population count, (RC, TALB, Health), 2023 Census",I,2023,2023,304,Wairarapa,05,5,9999,Total - ethnicity,99,Total - age,99,Total - gender,4962,,,
DATAFLOW,STATSNZ:CEN23_DEP_019(1.0),"New Zealand index of socioeconomic deprivation, ethnicity (detailed single / combination), age, and gender for the census usually resident population count, (RC, TALB, Health), 2023 Census",I,2023,2023,303,"Capital, Coast and Hutt Valley",09,9,9999,Total - ethnicity,99,Total - age,99,Total - gender,25239,,,
DATAFLOW,STATSNZ:CEN23_DEP_019(1.0),"New Zealand index of socioeconomic deprivation, ethnicity (detailed single / combination), age, and gender for the census usually resident population count, (RC, TALB, Health), 2023 Census",I,2023,2023,30,Central Region,99,Not elsewhere included,9999,Total - ethnicity,99,Total - age,99,Total - gender,39,,,
DATAFLOW,STATSNZ:CEN23_DEP_019(1.0),"New Zealand index of socioeconomic deprivation, ethnicity (detailed single / combination), age, and gender for the census usually resident population count, (RC, TALB, Health), 2023 Census",I,2023,2023,301,Whanganui,01,1 - Least deprived,9999,Total - ethnicity,99,Total - age,99,Total - gender,1392,,,
DATAFLOW,STATSNZ:CEN23_DEP_019(1.0),"New Zealand index of socioeconomic deprivation, ethnicity (detailed single / combination), age, and gender for the census usually resident population count, (RC, TALB, Health), 2023 Census",I,2023,2023,103,Counties Manukau,777,Total stated - New Zealand index of socioeconomic deprivation,9999,Total - ethnicity,99,Total - age,99,Total - gender,584868,,,
DATAFLOW,STATSNZ:CEN23_DEP_019(1.0),"New Zealand index of socioeconomic deprivation, ethnicity (detailed single / combination), age, and gender for the census usually resident population count, (RC, TALB, Health), 2023 Census",I,2023,2023,20,Te Manawa Taki,99,Not elsewhere included,9999,Total - ethnicity,99,Total - age,99,Total - gender,420,,,
DATAFLOW,STATSNZ:CEN23_DEP_019(1.0),"New Zealand index of socioeconomic deprivation, ethnicity (detailed single / combination), age, and gender for the census usually resident population count, (RC, TALB, Health), 2023 Census",I,2023,2023,99999,Total - New Zealand by health region/health district,10,10 - Most deprived,9999,Total - ethnicity,99,Total - age,99,Total - gender,524859,,,
DATAFLOW,STATSNZ:CEN23_DEP_019(1.0),"New Zealand index of socioeconomic deprivation, ethnicity (detailed single / combination), age, and gender for the census usually resident population count, (RC, TALB, Health), 2023 Census",I,2023,2023,40,Te Waipounamu,04,4,9999,Total - ethnicity,99,Total - age,99,Total - gender,125985,,,
DATAFLOW,STATSNZ:CEN23_DEP_019(1.0),"New Zealand index of socioeconomic deprivation, ethnicity (detailed single / combination), age, and gender for the census usually resident population count, (RC, TALB, Health), 2023 Census",I,2023,2023,201,Lakes,07,7,9999,Total - ethnicity,99,Total - age,99,Total - gender,11814,,,
DATAFLOW,STATSNZ:CEN23_DEP_019(1.0),"New Zealand index of socioeconomic deprivation, ethnicity (detailed single / combination), age, and gender for the census usually resident population count, (RC, TALB, Health), 2023 Census",I,2023,2023,204,Taranaki,03,3,9999,Total - ethnicity,99,Total - age,99,Total - gender,12270,,,
DATAFLOW,STATSNZ:CEN23_DEP_019(1.0),"New Zealand index of socioeconomic deprivation, ethnicity (detailed single / combination), age, and gender for the census usually resident population count, (RC, TALB, Health), 2023 Census",I,2023,2023,401,West Coast,777,Total stated - New Zealand index of socioeconomic deprivation,9999,Total - ethnicity,99,Total - age,99,Total - gender,33387,,,
DATAFLOW,STATSNZ:CEN23_DEP_019(1.0),"New Zealand index of socioeconomic deprivation, ethnicity (detailed single / combination), age, and gender for the census usually resident population count, (RC, TALB, Health), 2023 Census",I,2023,2023,302,MidCentral,01,1 - Least deprived,9999,Total - ethnicity,99,Total - age,99,Total - gender,12636,,,
DATAFLOW,STATSNZ:CEN23_DEP_019(1.0),"New Zealand index of socioeconomic deprivation, ethnicity (detailed single / combination), age, and gender for the census usually resident population count, (RC, TALB, Health), 2023 Census",I,2023,2023,404,Southern,03,3,9999,Total - ethnicity,99,Total - age,99,Total - gender,34335,,,
DATAFLOW,STATSNZ:CEN23_DEP_019(1.0),"New Zealand index of socioeconomic deprivation, ethnicity (detailed single / combination), age, and gender for the census usually resident population count, (RC, TALB, Health), 2023 Census",I,2023,2023,10,Northern Region,09,9,9999,Total - ethnicity,99,Total - age,99,Total - gender,197427,,,
DATAFLOW,STATSNZ:CEN23_DEP_019(1.0),"New Zealand index of socioeconomic deprivation, ethnicity (detailed single / combination), age, and gender for the census usually resident population count, (RC, TALB, Health), 2023 Census",I,2023,2023,400,Nelson Marlborough,01,1 - Least deprived,9999,Total - ethnicity,99,Total - age,99,Total - gender,17022,,,
DATAFLOW,STATSNZ:CEN23_DEP_019(1.0),"New Zealand index of socioeconomic deprivation, ethnicity (detailed single / combination), age, and gender for the census usually resident population count, (RC, TALB, Health), 2023 Census",I,2023,2023,304,Wairarapa,02,2,9999,Total - ethnicity,99,Total - age,99,Total - gender,5958,,,
DATAFLOW,STATSNZ:CEN23_DEP_019(1.0),"New Zealand index of socioeconomic deprivation, ethnicity (detailed single / combination), age, and gender for the census usually resident population count, (RC, TALB, Health), 2023 Census",I,2023,2023,204,Taranaki,777,Total stated - New Zealand index of socioeconomic deprivation,9999,Total - ethnicity,99,Total - age,99,Total - gender,126165,,,
DATAFLOW,STATSNZ:CEN23_DEP_019(1.0),"New Zealand index of socioeconomic deprivation, ethnicity (detailed single / combination), age, and gender for the census usually resident population count, (RC, TALB, Health), 2023 Census",I,2023,2023,304,Wairarapa,04,4,9999,Total - ethnicity,99,Total - age,99,Total - gender,4884,,,
DATAFLOW,STATSNZ:CEN23_DEP_019(1.0),"New Zealand index of socioeconomic deprivation, ethnicity (detailed single / combination), age, and gender for the census usually resident population count, (RC, TALB, Health), 2023 Census",I,2023,2023,103,Counties Manukau,05,5,9999,Total - ethnicity,99,Total - age,99,Total - gender,50025,,,
DATAFLOW,STATSNZ:CEN23_DEP_019(1.0),"New Zealand index of socioeconomic deprivation, ethnicity (detailed single / combination), age, and gender for the census usually resident population count, (RC, TALB, Health), 2023 Census",I,2023,2023,400,Nelson Marlborough,777,Total stated - New Zealand index of socioeconomic deprivation,9999,Total - ethnicity,99,Total - age,99,Total - gender,159756,,,
DATAFLOW,STATSNZ:CEN23_DEP_019(1.0),"New Zealand index of socioeconomic deprivation, ethnicity (detailed single / combination), age, and gender for the census usually resident population count, (RC, TALB, Health), 2023 Census",I,2023,2023,99999,Total - New Zealand by health region/health district,08,8,9999,Total - ethnicity,99,Total - age,99,Total - gender,500679,,,
DATAFLOW,STATSNZ:CEN23_DEP_019(1.0),"New Zealand index of socioeconomic deprivation, ethnicity (detailed single / combination), age, and gender for the census usually resident population count, (RC, TALB, Health), 2023 Census",I,2023,2023,403,South Canterbury,01,1 - Least deprived,9999,Total - ethnicity,99,Total - age,99,Total - gender,4101,,,
DATAFLOW,STATSNZ:CEN23_DEP_019(1.0),"New Zealand index of socioeconomic deprivation, ethnicity (detailed single / combination), age, and gender for the census usually resident population count, (RC, TALB, Health), 2023 Census",I,2023,2023,20,Te Manawa Taki,05,5,9999,Total - ethnicity,99,Total - age,99,Total - gender,96084,,,
