STRUCTURE,STRUCTURE_ID,STRUCTURE_NAME,ACTION,YEAR_POPES_SUB_002,Year at 30 June,SEX_POPES_SUB_002,Sex,AGE_POPES_SUB_002,Age,AREA_POPES_SUB_002,Area,OBS_VALUE,Observation value
DATAFLOW,STATSNZ:POPES_SUB_002(1.0),"Subnational population estimates (Health regions and Health districts), by age and sex, at 30 June 1996-25 (2023 boundaries)",I,2020,2020,3,"Total people, sex",17,80-84 years,400,Nelson Marlborough,4060,
DATAFLOW,STATSNZ:POPES_SUB_002(1.0),"Subnational population estimates (Health regions and Health districts), by age and sex, at 30 June 1996-25 (2023 boundaries)",I,2022,2022,3,"Total people, sex",15,70-74 years,102,Auckland,15870,
DATAFLOW,STATSNZ:POPES_SUB_002(1.0),"Subnational population estimates (Health regions and Health districts), by age and sex, at 30 June 1996-25 (2023 boundaries)",I,2020,2020,3,"Total people, sex",16,75-79 years,303,"Capital, Coast and Hutt Valley",12090,
DATAFLOW,STATSNZ:POPES_SUB_002(1.0),"Subnational population estimates (Health regions and Health districts), by age and sex, at 30 June 1996-25 (2023 boundaries)",I,2022,2022,3,"Total people, sex",16,75-79 years,404,Southern,11370,
DATAFLOW,STATSNZ:POPES_SUB_002(1.0),"Subnational population estimates (Health regions and Health districts), by age and sex, at 30 June 1996-25 (2023 boundaries)",I,2020,2020,3,"Total people, sex",19,90 years and over,100,Northland,1310,
DATAFLOW,STATSNZ:POPES_SUB_002(1.0),"Subnational population estimates (Health regions and Health districts), by age and sex, at 30 June 1996-25 (2023 boundaries)",I,2022,2022,3,"Total people, sex",14,65-69 years,900,Area outside health district,30,
DATAFLOW,STATSNZ:POPES_SUB_002(1.0),"Subnational population estimates (Health regions and Health districts), by age and sex, at 30 June 1996-25 (2023 boundaries)",I,2020,2020,3,"Total people, sex",17,80-84 years,203,Tairāwhiti,910,
DATAFLOW,STATSNZ:POPES_SUB_002(1.0),"Subnational population estimates (Health regions and Health districts), by age and sex, at 30 June 1996-25 (2023 boundaries)",I,2021,2021,3,"Total people, sex",18,85-89 years,201,Lakes,1240,
DATAFLOW,STATSNZ:POPES_SUB_002(1.0),"Subnational population estimates (Health regions and Health districts), by age and sex, at 30 June 1996-25 (2023 boundaries)",I,2020,2020,3,"Total people, sex",18,85-89 years,304,Wairarapa,710,
DATAFLOW,STATSNZ:POPES_SUB_002(1.0),"Subnational population estimates (Health regions and Health districts), by age and sex, at 30 June 1996-25 (2023 boundaries)",I,2021,2021,3,"Total people, sex",18,85-89 years,101,Waitematā,6400,
DATAFLOW,STATSNZ:POPES_SUB_002(1.0),"Subnational population estimates (Health regions and Health districts), by age and sex, at 30 June 1996-25 (2023 boundaries)",I,2021,2021,3,"Total people, sex",15,70-74 years,103,Counties Manukau,18100,
DATAFLOW,STATSNZ:POPES_SUB_002(1.0),"Subnational population estimates (Health regions and Health districts), by age and sex, at 30 June 1996-25 (2023 boundaries)",I,2020,2020,3,"Total people, sex",4,65 years and over,400,Nelson Marlborough,34700,
DATAFLOW,STATSNZ:POPES_SUB_002(1.0),"Subnational population estimates (Health regions and Health districts), by age and sex, at 30 June 1996-25 (2023 boundaries)",I,2022,2022,3,"Total people, sex",15,70-74 years,300,Hawke's Bay,9050,
DATAFLOW,STATSNZ:POPES_SUB_002(1.0),"Subnational population estimates (Health regions and Health districts), by age and sex, at 30 June 1996-25 (2023 boundaries)",I,2022,2022,3,"Total people, sex",18,85-89 years,302,MidCentral,2540,
DATAFLOW,STATSNZ:POPES_SUB_002(1.0),"Subnational population estimates (Health regions and Health districts), by age and sex, at 30 June 1996-25 (2023 boundaries)",I,2023,2023,3,"Total people, sex",19,90 years and over,102,Auckland,2820,
DATAFLOW,STATSNZ:POPES_SUB_002(1.0),"Subnational population estimates (Health regions and Health districts), by age and sex, at 30 June 1996-25 (2023 boundaries)",I,2024,2024,3,"Total people, sex",14,65-69 years,103,Counties Manukau,24820,
DATAFLOW,STATSNZ:POPES_SUB_002(1.0),"Subnational population estimates (Health regions and Health districts), by age and sex, at 30 June 1996-25 (2023 boundaries)",I,2024,2024,3,"Total people, sex",15,70-74 years,402,Canterbury,26530,
DATAFLOW,STATSNZ:POPES_SUB_002(1.0),"Subnational population estimates (Health regions and Health districts), by age and sex, at 30 June 1996-25 (2023 boundaries)",I,2021,2021,3,"Total people, sex",16,75-79 years,402,Canterbury,17270,
DATAFLOW,STATSNZ:POPES_SUB_002(1.0),"Subnational population estimates (Health regions and Health districts), by age and sex, at 30 June 1996-25 (2023 boundaries)",I,2022,2022,3,"Total people, sex",17,80-84 years,301,Whanganui,1900,
DATAFLOW,STATSNZ:POPES_SUB_002(1.0),"Subnational population estimates (Health regions and Health districts), by age and sex, at 30 June 1996-25 (2023 boundaries)",I,2023,2023,3,"Total people, sex",4,65 years and over,202,Bay of Plenty,54600,
DATAFLOW,STATSNZ:POPES_SUB_002(1.0),"Subnational population estimates (Health regions and Health districts), by age and sex, at 30 June 1996-25 (2023 boundaries)",I,2023,2023,3,"Total people, sex",17,80-84 years,202,Bay of Plenty,7730,
DATAFLOW,STATSNZ:POPES_SUB_002(1.0),"Subnational population estimates (Health regions and Health districts), by age and sex, at 30 June 1996-25 (2023 boundaries)",I,2021,2021,3,"Total people, sex",18,85-89 years,402,Canterbury,6780,
DATAFLOW,STATSNZ:POPES_SUB_002(1.0),"Subnational population estimates (Health regions and Health districts), by age and sex, at 30 June 1996-25 (2023 boundaries)",I,2022,2022,3,"Total people, sex",16,75-79 years,302,MidCentral,6940,
DATAFLOW,STATSNZ:POPES_SUB_002(1.0),"Subnational population estimates (Health regions and Health districts), by age and sex, at 30 June 1996-25 (2023 boundaries)",I,2022,2022,3,"Total people, sex",19,90 years and over,103,Counties Manukau,2310,
DATAFLOW,STATSNZ:POPES_SUB_002(1.0),"Subnational population estimates (Health regions and Health districts), by age and sex, at 30 June 1996-25 (2023 boundaries)",I,2022,2022,3,"Total people, sex",16,75-79 years,204,Taranaki,4540,
DATAFLOW,STATSNZ:POPES_SUB_002(1.0),"Subnational population estimates (Health regions and Health districts), by age and sex, at 30 June 1996-25 (2023 boundaries)",I,2023,2023,3,"Total people, sex",14,65-69 years,400,Nelson Marlborough,10860,
DATAFLOW,STATSNZ:POPES_SUB_002(1.0),"Subnational population estimates (Health regions and Health districts), by age and sex, at 30 June 1996-25 (2023 boundaries)",I,2023,2023,3,"Total people, sex",18,85-89 years,900,Area outside health district,0,
DATAFLOW,STATSNZ:POPES_SUB_002(1.0),"Subnational population estimates (Health regions and Health districts), by age and sex, at 30 June 1996-25 (2023 boundaries)",I,2020,2020,3,"Total people, sex",4,65 years and over,203,Tairāwhiti,8100,
DATAFLOW,STATSNZ:POPES_SUB_002(1.0),"Subnational population estimates (Health regions and Health districts), by age and sex, at 30 June 1996-25 (2023 boundaries)",I,2024,2024,3,"Total people, sex",19,90 years and over,303,"Capital, Coast and Hutt Valley",2990,
DATAFLOW,STATSNZ:POPES_SUB_002(1.0),"Subnational population estimates (Health regions and Health districts), by age and sex, at 30 June 1996-25 (2023 boundaries)",I,2023,2023,3,"Total people, sex",19,90 years and over,300,Hawke's Bay,1310,
DATAFLOW,STATSNZ:POPES_SUB_002(1.0),"Subnational population estimates (Health regions and Health districts), by age and sex, at 30 June 1996-25 (2023 boundaries)",I,2020,2020,3,"Total people, sex",19,90 years and over,400,Nelson Marlborough,1340,
DATAFLOW,STATSNZ:POPES_SUB_002(1.0),"Subnational population estimates (Health regions and Health districts), by age and sex, at 30 June 1996-25 (2023 boundaries)",I,2020,2020,3,"Total people, sex",17,80-84 years,100,Northland,4510,
DATAFLOW,STATSNZ:POPES_SUB_002(1.0),"Subnational population estimates (Health regions and Health districts), by age and sex, at 30 June 1996-25 (2023 boundaries)",I,2024,2024,3,"Total people, sex",18,85-89 years,400,Nelson Marlborough,2560,
DATAFLOW,STATSNZ:POPES_SUB_002(1.0),"Subnational population estimates (Health regions and Health districts), by age and sex, at 30 June 1996-25 (2023 boundaries)",I,2020,2020,3,"Total people, sex",14,65-69 years,101,Waitematā,27390,
DATAFLOW,STATSNZ:POPES_SUB_002(1.0),"Subnational population estimates (Health regions and Health districts), by age and sex, at 30 June 1996-25 (2023 boundaries)",I,2022,2022,3,"Total people, sex",14,65-69 years,404,Southern,18870,
DATAFLOW,STATSNZ:POPES_SUB_002(1.0),"Subnational population estimates (Health regions and Health districts), by age and sex, at 30 June 1996-25 (2023 boundaries)",I,2024,2024,3,"Total people, sex",15,70-74 years,101,Waitematā,24320,
DATAFLOW,STATSNZ:POPES_SUB_002(1.0),"Subnational population estimates (Health regions and Health districts), by age and sex, at 30 June 1996-25 (2023 boundaries)",I,2020,2020,3,"Total people, sex",16,75-79 years,304,Wairarapa,2020,
DATAFLOW,STATSNZ:POPES_SUB_002(1.0),"Subnational population estimates (Health regions and Health districts), by age and sex, at 30 June 1996-25 (2023 boundaries)",I,2024,2024,3,"Total people, sex",4,65 years and over,402,Canterbury,105400,
DATAFLOW,STATSNZ:POPES_SUB_002(1.0),"Subnational population estimates (Health regions and Health districts), by age and sex, at 30 June 1996-25 (2023 boundaries)",I,2024,2024,3,"Total people, sex",17,80-84 years,402,Canterbury,13710,
DATAFLOW,STATSNZ:POPES_SUB_002(1.0),"Subnational population estimates (Health regions and Health districts), by age and sex, at 30 June 1996-25 (2023 boundaries)",I,2024,2024,3,"Total people, sex",4,65 years and over,101,Waitematā,98900,
DATAFLOW,STATSNZ:POPES_SUB_002(1.0),"Subnational population estimates (Health regions and Health districts), by age and sex, at 30 June 1996-25 (2023 boundaries)",I,2024,2024,3,"Total people, sex",19,90 years and over,304,Wairarapa,430,
DATAFLOW,STATSNZ:POPES_SUB_002(1.0),"Subnational population estimates (Health regions and Health districts), by age and sex, at 30 June 1996-25 (2023 boundaries)",I,2023,2023,3,"Total people, sex",15,70-74 years,303,"Capital, Coast and Hutt Valley",17180,
DATAFLOW,STATSNZ:POPES_SUB_002(1.0),"Subnational population estimates (Health regions and Health districts), by age and sex, at 30 June 1996-25 (2023 boundaries)",I,2024,2024,3,"Total people, sex",17,80-84 years,303,"Capital, Coast and Hutt Valley",9400,
DATAFLOW,STATSNZ:POPES_SUB_002(1.0),"Subnational population estimates (Health regions and Health districts), by age and sex, at 30 June 1996-25 (2023 boundaries)",I,2020,2020,3,"Total people, sex",18,85-89 years,202,Bay of Plenty,3760,
DATAFLOW,STATSNZ:POPES_SUB_002(1.0),"Subnational population estimates (Health regions and Health districts), by age and sex, at 30 June 1996-25 (2023 boundaries)",I,2020,2020,3,"Total people, sex",19,90 years and over,203,Tairāwhiti,320,
DATAFLOW,STATSNZ:POPES_SUB_002(1.0),"Subnational population estimates (Health regions and Health districts), by age and sex, at 30 June 1996-25 (2023 boundaries)",I,2023,2023,3,"Total people, sex",14,65-69 years,100,Northland,13440,
DATAFLOW,STATSNZ:POPES_SUB_002(1.0),"Subnational population estimates (Health regions and Health districts), by age and sex, at 30 June 1996-25 (2023 boundaries)",I,2020,2020,3,"Total people, sex",16,75-79 years,201,Lakes,3590,
DATAFLOW,STATSNZ:POPES_SUB_002(1.0),"Subnational population estimates (Health regions and Health districts), by age and sex, at 30 June 1996-25 (2023 boundaries)",I,2021,2021,3,"Total people, sex",16,75-79 years,401,West Coast,1290,
DATAFLOW,STATSNZ:POPES_SUB_002(1.0),"Subnational population estimates (Health regions and Health districts), by age and sex, at 30 June 1996-25 (2023 boundaries)",I,2022,2022,3,"Total people, sex",18,85-89 years,204,Taranaki,1760,
DATAFLOW,STATSNZ:POPES_SUB_002(1.0),"Subnational population estimates (Health regions and Health districts), by age and sex, at 30 June 1996-25 (2023 boundaries)",I,2022,2022,3,"Total people, sex",4,65 years and over,403,South Canterbury,13700,
DATAFLOW,STATSNZ:POPES_SUB_002(1.0),"Subnational population estimates (Health regions and Health districts), by age and sex, at 30 June 1996-25 (2023 boundaries)",I,2023,2023,3,"Total people, sex",18,85-89 years,400,Nelson Marlborough,2490,
DATAFLOW,STATSNZ:POPES_SUB_002(1.0),"Subnational population estimates (Health regions and Health districts), by age and sex, at 30 June 1996-25 (2023 boundaries)",I,2022,2022,3,"Total people, sex",4,65 years and over,301,Whanganui,14400,
DATAFLOW,STATSNZ:POPES_SUB_002(1.0),"Subnational population estimates (Health regions and Health districts), by age and sex, at 30 June 1996-25 (2023 boundaries)",I,2022,2022,3,"Total people, sex",17,80-84 years,403,South Canterbury,1910,
DATAFLOW,STATSNZ:POPES_SUB_002(1.0),"Subnational population estimates (Health regions and Health districts), by age and sex, at 30 June 1996-25 (2023 boundaries)",I,2023,2023,3,"Total people, sex",14,65-69 years,203,Tairāwhiti,2760,
DATAFLOW,STATSNZ:POPES_SUB_002(1.0),"Subnational population estimates (Health regions and Health districts), by age and sex, at 30 June 1996-25 (2023 boundaries)",I,2020,2020,3,"Total people, sex",14,65-69 years,201,Lakes,5980,
DATAFLOW,STATSNZ:POPES_SUB_002(1.0),"Subnational population estimates (Health regions and Health districts), by age and sex, at 30 June 1996-25 (2023 boundaries)",I,2022,2022,3,"Total people, sex",19,90 years and over,403,South Canterbury,580,
DATAFLOW,STATSNZ:POPES_SUB_002(1.0),"Subnational population estimates (Health regions and Health districts), by age and sex, at 30 June 1996-25 (2023 boundaries)",I,2021,2021,3,"Total people, sex",19,90 years and over,400,Nelson Marlborough,1370,
DATAFLOW,STATSNZ:POPES_SUB_002(1.0),"Subnational population estimates (Health regions and Health districts), by age and sex, at 30 June 1996-25 (2023 boundaries)",I,2023,2023,3,"Total people, sex",16,75-79 years,400,Nelson Marlborough,7900,
DATAFLOW,STATSNZ:POPES_SUB_002(1.0),"Subnational population estimates (Health regions and Health districts), by age and sex, at 30 June 1996-25 (2023 boundaries)",I,2023,2023,3,"Total people, sex",18,85-89 years,203,Tairāwhiti,540,
DATAFLOW,STATSNZ:POPES_SUB_002(1.0),"Subnational population estimates (Health regions and Health districts), by age and sex, at 30 June 1996-25 (2023 boundaries)",I,2022,2022,3,"Total people, sex",15,70-74 years,301,Whanganui,3760,
DATAFLOW,STATSNZ:POPES_SUB_002(1.0),"Subnational population estimates (Health regions and Health districts), by age and sex, at 30 June 1996-25 (2023 boundaries)",I,2021,2021,3,"Total people, sex",14,65-69 years,401,West Coast,2410,
DATAFLOW,STATSNZ:POPES_SUB_002(1.0),"Subnational population estimates (Health regions and Health districts), by age and sex, at 30 June 1996-25 (2023 boundaries)",I,2022,2022,3,"Total people, sex",15,70-74 years,403,South Canterbury,3650,
DATAFLOW,STATSNZ:POPES_SUB_002(1.0),"Subnational population estimates (Health regions and Health districts), by age and sex, at 30 June 1996-25 (2023 boundaries)",I,2021,2021,3,"Total people, sex",16,75-79 years,101,Waitematā,16950,
DATAFLOW,STATSNZ:POPES_SUB_002(1.0),"Subnational population estimates (Health regions and Health districts), by age and sex, at 30 June 1996-25 (2023 boundaries)",I,2024,2024,3,"Total people, sex",15,70-74 years,303,"Capital, Coast and Hutt Valley",17360,
DATAFLOW,STATSNZ:POPES_SUB_002(1.0),"Subnational population estimates (Health regions and Health districts), by age and sex, at 30 June 1996-25 (2023 boundaries)",I,2023,2023,3,"Total people, sex",17,80-84 years,303,"Capital, Coast and Hutt Valley",9080,
DATAFLOW,STATSNZ:POPES_SUB_002(1.0),"Subnational population estimates (Health regions and Health districts), by age and sex, at 30 June 1996-25 (2023 boundaries)",I,2024,2024,3,"Total people, sex",4,65 years and over,303,"Capital, Coast and Hutt Valley",70700,
DATAFLOW,STATSNZ:POPES_SUB_002(1.0),"Subnational population estimates (Health regions and Health districts), by age and sex, at 30 June 1996-25 (2023 boundaries)",I,2023,2023,3,"Total people, sex",18,85-89 years,100,Northland,2640,
DATAFLOW,STATSNZ:POPES_SUB_002(1.0),"Subnational population estimates (Health regions and Health districts), by age and sex, at 30 June 1996-25 (2023 boundaries)",I,2021,2021,3,"Total people, sex",18,85-89 years,303,"Capital, Coast and Hutt Valley",4910,
DATAFLOW,STATSNZ:POPES_SUB_002(1.0),"Subnational population estimates (Health regions and Health districts), by age and sex, at 30 June 1996-25 (2023 boundaries)",I,2022,2022,3,"Total people, sex",15,70-74 years,202,Bay of Plenty,13940,
DATAFLOW,STATSNZ:POPES_SUB_002(1.0),"Subnational population estimates (Health regions and Health districts), by age and sex, at 30 June 1996-25 (2023 boundaries)",I,2023,2023,3,"Total people, sex",16,75-79 years,100,Northland,8680,
DATAFLOW,STATSNZ:POPES_SUB_002(1.0),"Subnational population estimates (Health regions and Health districts), by age and sex, at 30 June 1996-25 (2023 boundaries)",I,2022,2022,3,"Total people, sex",4,65 years and over,202,Bay of Plenty,54000,
DATAFLOW,STATSNZ:POPES_SUB_002(1.0),"Subnational population estimates (Health regions and Health districts), by age and sex, at 30 June 1996-25 (2023 boundaries)",I,2021,2021,3,"Total people, sex",14,65-69 years,404,Southern,18630,
DATAFLOW,STATSNZ:POPES_SUB_002(1.0),"Subnational population estimates (Health regions and Health districts), by age and sex, at 30 June 1996-25 (2023 boundaries)",I,2021,2021,3,"Total people, sex",14,65-69 years,302,MidCentral,10100,
DATAFLOW,STATSNZ:POPES_SUB_002(1.0),"Subnational population estimates (Health regions and Health districts), by age and sex, at 30 June 1996-25 (2023 boundaries)",I,2023,2023,3,"Total people, sex",16,75-79 years,203,Tairāwhiti,1590,
DATAFLOW,STATSNZ:POPES_SUB_002(1.0),"Subnational population estimates (Health regions and Health districts), by age and sex, at 30 June 1996-25 (2023 boundaries)",I,2022,2022,3,"Total people, sex",18,85-89 years,402,Canterbury,7010,
DATAFLOW,STATSNZ:POPES_SUB_002(1.0),"Subnational population estimates (Health regions and Health districts), by age and sex, at 30 June 1996-25 (2023 boundaries)",I,2021,2021,3,"Total people, sex",14,65-69 years,101,Waitematā,27810,
DATAFLOW,STATSNZ:POPES_SUB_002(1.0),"Subnational population estimates (Health regions and Health districts), by age and sex, at 30 June 1996-25 (2023 boundaries)",I,2022,2022,3,"Total people, sex",14,65-69 years,400,Nelson Marlborough,10790,
DATAFLOW,STATSNZ:POPES_SUB_002(1.0),"Subnational population estimates (Health regions and Health districts), by age and sex, at 30 June 1996-25 (2023 boundaries)",I,2020,2020,3,"Total people, sex",4,65 years and over,900,Area outside health district,40,
DATAFLOW,STATSNZ:POPES_SUB_002(1.0),"Subnational population estimates (Health regions and Health districts), by age and sex, at 30 June 1996-25 (2023 boundaries)",I,2020,2020,3,"Total people, sex",19,90 years and over,404,Southern,2570,
DATAFLOW,STATSNZ:POPES_SUB_002(1.0),"Subnational population estimates (Health regions and Health districts), by age and sex, at 30 June 1996-25 (2023 boundaries)",I,2022,2022,3,"Total people, sex",14,65-69 years,203,Tairāwhiti,2790,
DATAFLOW,STATSNZ:POPES_SUB_002(1.0),"Subnational population estimates (Health regions and Health districts), by age and sex, at 30 June 1996-25 (2023 boundaries)",I,2020,2020,3,"Total people, sex",16,75-79 years,202,Bay of Plenty,10090,
DATAFLOW,STATSNZ:POPES_SUB_002(1.0),"Subnational population estimates (Health regions and Health districts), by age and sex, at 30 June 1996-25 (2023 boundaries)",I,2022,2022,3,"Total people, sex",18,85-89 years,900,Area outside health district,0,
DATAFLOW,STATSNZ:POPES_SUB_002(1.0),"Subnational population estimates (Health regions and Health districts), by age and sex, at 30 June 1996-25 (2023 boundaries)",I,2021,2021,3,"Total people, sex",16,75-79 years,302,MidCentral,6580,
DATAFLOW,STATSNZ:POPES_SUB_002(1.0),"Subnational population estimates (Health regions and Health districts), by age and sex, at 30 June 1996-25 (2023 boundaries)",I,2020,2020,3,"Total people, sex",17,80-84 years,900,Area outside health district,5,
DATAFLOW,STATSNZ:POPES_SUB_002(1.0),"Subnational population estimates (Health regions and Health districts), by age and sex, at 30 June 1996-25 (2023 boundaries)",I,2024,2024,3,"Total people, sex",16,75-79 years,400,Nelson Marlborough,8310,
DATAFLOW,STATSNZ:POPES_SUB_002(1.0),"Subnational population estimates (Health regions and Health districts), by age and sex, at 30 June 1996-25 (2023 boundaries)",I,2022,2022,3,"Total people, sex",17,80-84 years,202,Bay of Plenty,7720,
DATAFLOW,STATSNZ:POPES_SUB_002(1.0),"Subnational population estimates (Health regions and Health districts), by age and sex, at 30 June 1996-25 (2023 boundaries)",I,2024,2024,3,"Total people, sex",4,65 years and over,304,Wairarapa,12100,
DATAFLOW,STATSNZ:POPES_SUB_002(1.0),"Subnational population estimates (Health regions and Health districts), by age and sex, at 30 June 1996-25 (2023 boundaries)",I,2021,2021,3,"Total people, sex",19,90 years and over,100,Northland,1380,
DATAFLOW,STATSNZ:POPES_SUB_002(1.0),"Subnational population estimates (Health regions and Health districts), by age and sex, at 30 June 1996-25 (2023 boundaries)",I,2022,2022,3,"Total people, sex",18,85-89 years,101,Waitematā,6670,
DATAFLOW,STATSNZ:POPES_SUB_002(1.0),"Subnational population estimates (Health regions and Health districts), by age and sex, at 30 June 1996-25 (2023 boundaries)",I,2022,2022,3,"Total people, sex",4,65 years and over,103,Counties Manukau,69100,
DATAFLOW,STATSNZ:POPES_SUB_002(1.0),"Subnational population estimates (Health regions and Health districts), by age and sex, at 30 June 1996-25 (2023 boundaries)",I,2024,2024,3,"Total people, sex",19,90 years and over,101,Waitematā,4260,
DATAFLOW,STATSNZ:POPES_SUB_002(1.0),"Subnational population estimates (Health regions and Health districts), by age and sex, at 30 June 1996-25 (2023 boundaries)",I,2020,2020,3,"Total people, sex",19,90 years and over,200,Waikato,2730,
DATAFLOW,STATSNZ:POPES_SUB_002(1.0),"Subnational population estimates (Health regions and Health districts), by age and sex, at 30 June 1996-25 (2023 boundaries)",I,2021,2021,3,"Total people, sex",19,90 years and over,203,Tairāwhiti,350,
DATAFLOW,STATSNZ:POPES_SUB_002(1.0),"Subnational population estimates (Health regions and Health districts), by age and sex, at 30 June 1996-25 (2023 boundaries)",I,2021,2021,3,"Total people, sex",18,85-89 years,401,West Coast,390,
DATAFLOW,STATSNZ:POPES_SUB_002(1.0),"Subnational population estimates (Health regions and Health districts), by age and sex, at 30 June 1996-25 (2023 boundaries)",I,2023,2023,3,"Total people, sex",16,75-79 years,200,Waikato,15660,
DATAFLOW,STATSNZ:POPES_SUB_002(1.0),"Subnational population estimates (Health regions and Health districts), by age and sex, at 30 June 1996-25 (2023 boundaries)",I,2023,2023,3,"Total people, sex",15,70-74 years,402,Canterbury,25940,
DATAFLOW,STATSNZ:POPES_SUB_002(1.0),"Subnational population estimates (Health regions and Health districts), by age and sex, at 30 June 1996-25 (2023 boundaries)",I,2021,2021,3,"Total people, sex",4,65 years and over,400,Nelson Marlborough,35800,
DATAFLOW,STATSNZ:POPES_SUB_002(1.0),"Subnational population estimates (Health regions and Health districts), by age and sex, at 30 June 1996-25 (2023 boundaries)",I,2022,2022,3,"Total people, sex",19,90 years and over,301,Whanganui,560,
DATAFLOW,STATSNZ:POPES_SUB_002(1.0),"Subnational population estimates (Health regions and Health districts), by age and sex, at 30 June 1996-25 (2023 boundaries)",I,2024,2024,3,"Total people, sex",16,75-79 years,100,Northland,9140,
DATAFLOW,STATSNZ:POPES_SUB_002(1.0),"Subnational population estimates (Health regions and Health districts), by age and sex, at 30 June 1996-25 (2023 boundaries)",I,2024,2024,3,"Total people, sex",15,70-74 years,204,Taranaki,6420,
DATAFLOW,STATSNZ:POPES_SUB_002(1.0),"Subnational population estimates (Health regions and Health districts), by age and sex, at 30 June 1996-25 (2023 boundaries)",I,2023,2023,3,"Total people, sex",15,70-74 years,301,Whanganui,3760,
DATAFLOW,STATSNZ:POPES_SUB_002(1.0),"Subnational population estimates (Health regions and Health districts), by age and sex, at 30 June 1996-25 (2023 boundaries)",I,2023,2023,3,"Total people, sex",15,70-74 years,403,South Canterbury,3680,
DATAFLOW,STATSNZ:POPES_SUB_002(1.0),"Subnational population estimates (Health regions and Health districts), by age and sex, at 30 June 1996-25 (2023 boundaries)",I,2020,2020,3,"Total people, sex",16,75-79 years,101,Waitematā,16440,
DATAFLOW,STATSNZ:POPES_SUB_002(1.0),"Subnational population estimates (Health regions and Health districts), by age and sex, at 30 June 1996-25 (2023 boundaries)",I,2020,2020,3,"Total people, sex",18,85-89 years,301,Whanganui,960,
DATAFLOW,STATSNZ:POPES_SUB_002(1.0),"Subnational population estimates (Health regions and Health districts), by age and sex, at 30 June 1996-25 (2023 boundaries)",I,2023,2023,3,"Total people, sex",4,65 years and over,102,Auckland,64200,
DATAFLOW,STATSNZ:POPES_SUB_002(1.0),"Subnational population estimates (Health regions and Health districts), by age and sex, at 30 June 1996-25 (2023 boundaries)",I,2022,2022,3,"Total people, sex",14,65-69 years,401,West Coast,2510,
DATAFLOW,STATSNZ:POPES_SUB_002(1.0),"Subnational population estimates (Health regions and Health districts), by age and sex, at 30 June 1996-25 (2023 boundaries)",I,2021,2021,3,"Total people, sex",4,65 years and over,301,Whanganui,14000,
DATAFLOW,STATSNZ:POPES_SUB_002(1.0),"Subnational population estimates (Health regions and Health districts), by age and sex, at 30 June 1996-25 (2023 boundaries)",I,2024,2024,3,"Total people, sex",18,85-89 years,103,Counties Manukau,4840,
DATAFLOW,STATSNZ:POPES_SUB_002(1.0),"Subnational population estimates (Health regions and Health districts), by age and sex, at 30 June 1996-25 (2023 boundaries)",I,2021,2021,3,"Total people, sex",16,75-79 years,200,Waikato,13790,
DATAFLOW,STATSNZ:POPES_SUB_002(1.0),"Subnational population estimates (Health regions and Health districts), by age and sex, at 30 June 1996-25 (2023 boundaries)",I,2021,2021,3,"Total people, sex",17,80-84 years,403,South Canterbury,1770,
DATAFLOW,STATSNZ:POPES_SUB_002(1.0),"Subnational population estimates (Health regions and Health districts), by age and sex, at 30 June 1996-25 (2023 boundaries)",I,2023,2023,3,"Total people, sex",17,80-84 years,102,Auckland,8080,
DATAFLOW,STATSNZ:POPES_SUB_002(1.0),"Subnational population estimates (Health regions and Health districts), by age and sex, at 30 June 1996-25 (2023 boundaries)",I,2022,2022,3,"Total people, sex",14,65-69 years,204,Taranaki,7350,
DATAFLOW,STATSNZ:POPES_SUB_002(1.0),"Subnational population estimates (Health regions and Health districts), by age and sex, at 30 June 1996-25 (2023 boundaries)",I,2024,2024,3,"Total people, sex",17,80-84 years,304,Wairarapa,1570,
DATAFLOW,STATSNZ:POPES_SUB_002(1.0),"Subnational population estimates (Health regions and Health districts), by age and sex, at 30 June 1996-25 (2023 boundaries)",I,2022,2022,3,"Total people, sex",17,80-84 years,103,Counties Manukau,8540,
DATAFLOW,STATSNZ:POPES_SUB_002(1.0),"Subnational population estimates (Health regions and Health districts), by age and sex, at 30 June 1996-25 (2023 boundaries)",I,2024,2024,3,"Total people, sex",16,75-79 years,203,Tairāwhiti,1650,
DATAFLOW,STATSNZ:POPES_SUB_002(1.0),"Subnational population estimates (Health regions and Health districts), by age and sex, at 30 June 1996-25 (2023 boundaries)",I,2022,2022,3,"Total people, sex",17,80-84 years,304,Wairarapa,1490,
DATAFLOW,STATSNZ:POPES_SUB_002(1.0),"Subnational population estimates (Health regions and Health districts), by age and sex, at 30 June 1996-25 (2023 boundaries)",I,2020,2020,3,"Total people, sex",18,85-89 years,303,"Capital, Coast and Hutt Valley",4850,
DATAFLOW,STATSNZ:POPES_SUB_002(1.0),"Subnational population estimates (Health regions and Health districts), by age and sex, at 30 June 1996-25 (2023 boundaries)",I,2022,2022,3,"Total people, sex",15,70-74 years,303,"Capital, Coast and Hutt Valley",17250,
DATAFLOW,STATSNZ:POPES_SUB_002(1.0),"Subnational population estimates (Health regions and Health districts), by age and sex, at 30 June 1996-25 (2023 boundaries)",I,2020,2020,3,"Total people, sex",17,80-84 years,103,Counties Manukau,7760,
DATAFLOW,STATSNZ:POPES_SUB_002(1.0),"Subnational population estimates (Health regions and Health districts), by age and sex, at 30 June 1996-25 (2023 boundaries)",I,2022,2022,3,"Total people, sex",17,80-84 years,102,Auckland,7890,
DATAFLOW,STATSNZ:POPES_SUB_002(1.0),"Subnational population estimates (Health regions and Health districts), by age and sex, at 30 June 1996-25 (2023 boundaries)",I,2022,2022,3,"Total people, sex",4,65 years and over,300,Hawke's Bay,33900,
DATAFLOW,STATSNZ:POPES_SUB_002(1.0),"Subnational population estimates (Health regions and Health districts), by age and sex, at 30 June 1996-25 (2023 boundaries)",I,2023,2023,3,"Total people, sex",4,65 years and over,201,Lakes,20200,
DATAFLOW,STATSNZ:POPES_SUB_002(1.0),"Subnational population estimates (Health regions and Health districts), by age and sex, at 30 June 1996-25 (2023 boundaries)",I,2023,2023,3,"Total people, sex",17,80-84 years,201,Lakes,2550,
DATAFLOW,STATSNZ:POPES_SUB_002(1.0),"Subnational population estimates (Health regions and Health districts), by age and sex, at 30 June 1996-25 (2023 boundaries)",I,2021,2021,3,"Total people, sex",14,65-69 years,204,Taranaki,7010,
DATAFLOW,STATSNZ:POPES_SUB_002(1.0),"Subnational population estimates (Health regions and Health districts), by age and sex, at 30 June 1996-25 (2023 boundaries)",I,2024,2024,3,"Total people, sex",14,65-69 years,102,Auckland,20850,
DATAFLOW,STATSNZ:POPES_SUB_002(1.0),"Subnational population estimates (Health regions and Health districts), by age and sex, at 30 June 1996-25 (2023 boundaries)",I,2024,2024,3,"Total people, sex",19,90 years and over,403,South Canterbury,540,
DATAFLOW,STATSNZ:POPES_SUB_002(1.0),"Subnational population estimates (Health regions and Health districts), by age and sex, at 30 June 1996-25 (2023 boundaries)",I,2022,2022,3,"Total people, sex",18,85-89 years,401,West Coast,400,
DATAFLOW,STATSNZ:POPES_SUB_002(1.0),"Subnational population estimates (Health regions and Health districts), by age and sex, at 30 June 1996-25 (2023 boundaries)",I,2020,2020,3,"Total people, sex",4,65 years and over,100,Northland,38700,
DATAFLOW,STATSNZ:POPES_SUB_002(1.0),"Subnational population estimates (Health regions and Health districts), by age and sex, at 30 June 1996-25 (2023 boundaries)",I,2024,2024,3,"Total people, sex",19,90 years and over,301,Whanganui,520,
DATAFLOW,STATSNZ:POPES_SUB_002(1.0),"Subnational population estimates (Health regions and Health districts), by age and sex, at 30 June 1996-25 (2023 boundaries)",I,2021,2021,3,"Total people, sex",18,85-89 years,204,Taranaki,1730,
DATAFLOW,STATSNZ:POPES_SUB_002(1.0),"Subnational population estimates (Health regions and Health districts), by age and sex, at 30 June 1996-25 (2023 boundaries)",I,2024,2024,3,"Total people, sex",19,90 years and over,401,West Coast,220,
DATAFLOW,STATSNZ:POPES_SUB_002(1.0),"Subnational population estimates (Health regions and Health districts), by age and sex, at 30 June 1996-25 (2023 boundaries)",I,2020,2020,3,"Total people, sex",14,65-69 years,303,"Capital, Coast and Hutt Valley",20300,
DATAFLOW,STATSNZ:POPES_SUB_002(1.0),"Subnational population estimates (Health regions and Health districts), by age and sex, at 30 June 1996-25 (2023 boundaries)",I,2023,2023,3,"Total people, sex",17,80-84 years,300,Hawke's Bay,4520,
DATAFLOW,STATSNZ:POPES_SUB_002(1.0),"Subnational population estimates (Health regions and Health districts), by age and sex, at 30 June 1996-25 (2023 boundaries)",I,2024,2024,3,"Total people, sex",14,65-69 years,300,Hawke's Bay,10150,
DATAFLOW,STATSNZ:POPES_SUB_002(1.0),"Subnational population estimates (Health regions and Health districts), by age and sex, at 30 June 1996-25 (2023 boundaries)",I,2022,2022,3,"Total people, sex",17,80-84 years,300,Hawke's Bay,4490,
DATAFLOW,STATSNZ:POPES_SUB_002(1.0),"Subnational population estimates (Health regions and Health districts), by age and sex, at 30 June 1996-25 (2023 boundaries)",I,2022,2022,3,"Total people, sex",4,65 years and over,102,Auckland,61700,
DATAFLOW,STATSNZ:POPES_SUB_002(1.0),"Subnational population estimates (Health regions and Health districts), by age and sex, at 30 June 1996-25 (2023 boundaries)",I,2023,2023,3,"Total people, sex",18,85-89 years,401,West Coast,410,
DATAFLOW,STATSNZ:POPES_SUB_002(1.0),"Subnational population estimates (Health regions and Health districts), by age and sex, at 30 June 1996-25 (2023 boundaries)",I,2024,2024,3,"Total people, sex",4,65 years and over,202,Bay of Plenty,55900,
DATAFLOW,STATSNZ:POPES_SUB_002(1.0),"Subnational population estimates (Health regions and Health districts), by age and sex, at 30 June 1996-25 (2023 boundaries)",I,2024,2024,3,"Total people, sex",15,70-74 years,401,West Coast,2180,
DATAFLOW,STATSNZ:POPES_SUB_002(1.0),"Subnational population estimates (Health regions and Health districts), by age and sex, at 30 June 1996-25 (2023 boundaries)",I,2024,2024,3,"Total people, sex",17,80-84 years,202,Bay of Plenty,7970,
DATAFLOW,STATSNZ:POPES_SUB_002(1.0),"Subnational population estimates (Health regions and Health districts), by age and sex, at 30 June 1996-25 (2023 boundaries)",I,2023,2023,3,"Total people, sex",16,75-79 years,302,MidCentral,7310,
DATAFLOW,STATSNZ:POPES_SUB_002(1.0),"Subnational population estimates (Health regions and Health districts), by age and sex, at 30 June 1996-25 (2023 boundaries)",I,2021,2021,3,"Total people, sex",4,65 years and over,403,South Canterbury,13600,
DATAFLOW,STATSNZ:POPES_SUB_002(1.0),"Subnational population estimates (Health regions and Health districts), by age and sex, at 30 June 1996-25 (2023 boundaries)",I,2022,2022,3,"Total people, sex",14,65-69 years,100,Northland,13220,
DATAFLOW,STATSNZ:POPES_SUB_002(1.0),"Subnational population estimates (Health regions and Health districts), by age and sex, at 30 June 1996-25 (2023 boundaries)",I,2022,2022,3,"Total people, sex",16,75-79 years,201,Lakes,3750,
DATAFLOW,STATSNZ:POPES_SUB_002(1.0),"Subnational population estimates (Health regions and Health districts), by age and sex, at 30 June 1996-25 (2023 boundaries)",I,2023,2023,3,"Total people, sex",4,65 years and over,300,Hawke's Bay,34200,
DATAFLOW,STATSNZ:POPES_SUB_002(1.0),"Subnational population estimates (Health regions and Health districts), by age and sex, at 30 June 1996-25 (2023 boundaries)",I,2023,2023,3,"Total people, sex",19,90 years and over,403,South Canterbury,550,
DATAFLOW,STATSNZ:POPES_SUB_002(1.0),"Subnational population estimates (Health regions and Health districts), by age and sex, at 30 June 1996-25 (2023 boundaries)",I,2020,2020,3,"Total people, sex",16,75-79 years,300,Hawke's Bay,6150,
DATAFLOW,STATSNZ:POPES_SUB_002(1.0),"Subnational population estimates (Health regions and Health districts), by age and sex, at 30 June 1996-25 (2023 boundaries)",I,2021,2021,3,"Total people, sex",4,65 years and over,103,Counties Manukau,67900,
DATAFLOW,STATSNZ:POPES_SUB_002(1.0),"Subnational population estimates (Health regions and Health districts), by age and sex, at 30 June 1996-25 (2023 boundaries)",I,2023,2023,3,"Total people, sex",14,65-69 years,103,Counties Manukau,24120,
DATAFLOW,STATSNZ:POPES_SUB_002(1.0),"Subnational population estimates (Health regions and Health districts), by age and sex, at 30 June 1996-25 (2023 boundaries)",I,2023,2023,3,"Total people, sex",4,65 years and over,304,Wairarapa,11700,
DATAFLOW,STATSNZ:POPES_SUB_002(1.0),"Subnational population estimates (Health regions and Health districts), by age and sex, at 30 June 1996-25 (2023 boundaries)",I,2021,2021,3,"Total people, sex",16,75-79 years,201,Lakes,3580,
DATAFLOW,STATSNZ:POPES_SUB_002(1.0),"Subnational population estimates (Health regions and Health districts), by age and sex, at 30 June 1996-25 (2023 boundaries)",I,2021,2021,3,"Total people, sex",14,65-69 years,402,Canterbury,29130,
DATAFLOW,STATSNZ:POPES_SUB_002(1.0),"Subnational population estimates (Health regions and Health districts), by age and sex, at 30 June 1996-25 (2023 boundaries)",I,2020,2020,3,"Total people, sex",14,65-69 years,402,Canterbury,28200,
DATAFLOW,STATSNZ:POPES_SUB_002(1.0),"Subnational population estimates (Health regions and Health districts), by age and sex, at 30 June 1996-25 (2023 boundaries)",I,2024,2024,3,"Total people, sex",17,80-84 years,201,Lakes,2690,
DATAFLOW,STATSNZ:POPES_SUB_002(1.0),"Subnational population estimates (Health regions and Health districts), by age and sex, at 30 June 1996-25 (2023 boundaries)",I,2020,2020,3,"Total people, sex",19,90 years and over,302,MidCentral,1370,
DATAFLOW,STATSNZ:POPES_SUB_002(1.0),"Subnational population estimates (Health regions and Health districts), by age and sex, at 30 June 1996-25 (2023 boundaries)",I,2021,2021,3,"Total people, sex",14,65-69 years,100,Northland,13030,
DATAFLOW,STATSNZ:POPES_SUB_002(1.0),"Subnational population estimates (Health regions and Health districts), by age and sex, at 30 June 1996-25 (2023 boundaries)",I,2023,2023,3,"Total people, sex",14,65-69 years,900,Area outside health district,30,
DATAFLOW,STATSNZ:POPES_SUB_002(1.0),"Subnational population estimates (Health regions and Health districts), by age and sex, at 30 June 1996-25 (2023 boundaries)",I,2024,2024,3,"Total people, sex",4,65 years and over,200,Waikato,79400,
DATAFLOW,STATSNZ:POPES_SUB_002(1.0),"Subnational population estimates (Health regions and Health districts), by age and sex, at 30 June 1996-25 (2023 boundaries)",I,2023,2023,3,"Total people, sex",16,75-79 years,404,Southern,12310,
DATAFLOW,STATSNZ:POPES_SUB_002(1.0),"Subnational population estimates (Health regions and Health districts), by age and sex, at 30 June 1996-25 (2023 boundaries)",I,2021,2021,3,"Total people, sex",16,75-79 years,304,Wairarapa,2090,
DATAFLOW,STATSNZ:POPES_SUB_002(1.0),"Subnational population estimates (Health regions and Health districts), by age and sex, at 30 June 1996-25 (2023 boundaries)",I,2023,2023,3,"Total people, sex",19,90 years and over,301,Whanganui,540,
DATAFLOW,STATSNZ:POPES_SUB_002(1.0),"Subnational population estimates (Health regions and Health districts), by age and sex, at 30 June 1996-25 (2023 boundaries)",I,2022,2022,3,"Total people, sex",16,75-79 years,200,Waikato,14600,
DATAFLOW,STATSNZ:POPES_SUB_002(1.0),"Subnational population estimates (Health regions and Health districts), by age and sex, at 30 June 1996-25 (2023 boundaries)",I,2020,2020,3,"Total people, sex",18,85-89 years,402,Canterbury,6740,
DATAFLOW,STATSNZ:POPES_SUB_002(1.0),"Subnational population estimates (Health regions and Health districts), by age and sex, at 30 June 1996-25 (2023 boundaries)",I,2024,2024,3,"Total people, sex",17,80-84 years,200,Waikato,10370,
DATAFLOW,STATSNZ:POPES_SUB_002(1.0),"Subnational population estimates (Health regions and Health districts), by age and sex, at 30 June 1996-25 (2023 boundaries)",I,2023,2023,3,"Total people, sex",17,80-84 years,304,Wairarapa,1500,
DATAFLOW,STATSNZ:POPES_SUB_002(1.0),"Subnational population estimates (Health regions and Health districts), by age and sex, at 30 June 1996-25 (2023 boundaries)",I,2024,2024,3,"Total people, sex",4,65 years and over,201,Lakes,20800,
DATAFLOW,STATSNZ:POPES_SUB_002(1.0),"Subnational population estimates (Health regions and Health districts), by age and sex, at 30 June 1996-25 (2023 boundaries)",I,2020,2020,3,"Total people, sex",16,75-79 years,102,Auckland,10440,
DATAFLOW,STATSNZ:POPES_SUB_002(1.0),"Subnational population estimates (Health regions and Health districts), by age and sex, at 30 June 1996-25 (2023 boundaries)",I,2021,2021,3,"Total people, sex",17,80-84 years,103,Counties Manukau,8250,
DATAFLOW,STATSNZ:POPES_SUB_002(1.0),"Subnational population estimates (Health regions and Health districts), by age and sex, at 30 June 1996-25 (2023 boundaries)",I,2024,2024,3,"Total people, sex",18,85-89 years,204,Taranaki,1840,
DATAFLOW,STATSNZ:POPES_SUB_002(1.0),"Subnational population estimates (Health regions and Health districts), by age and sex, at 30 June 1996-25 (2023 boundaries)",I,2021,2021,3,"Total people, sex",17,80-84 years,202,Bay of Plenty,7290,
DATAFLOW,STATSNZ:POPES_SUB_002(1.0),"Subnational population estimates (Health regions and Health districts), by age and sex, at 30 June 1996-25 (2023 boundaries)",I,2020,2020,3,"Total people, sex",15,70-74 years,200,Waikato,19140,
DATAFLOW,STATSNZ:POPES_SUB_002(1.0),"Subnational population estimates (Health regions and Health districts), by age and sex, at 30 June 1996-25 (2023 boundaries)",I,2020,2020,3,"Total people, sex",16,75-79 years,302,MidCentral,6410,
DATAFLOW,STATSNZ:POPES_SUB_002(1.0),"Subnational population estimates (Health regions and Health districts), by age and sex, at 30 June 1996-25 (2023 boundaries)",I,2020,2020,3,"Total people, sex",19,90 years and over,103,Counties Manukau,2300,
DATAFLOW,STATSNZ:POPES_SUB_002(1.0),"Subnational population estimates (Health regions and Health districts), by age and sex, at 30 June 1996-25 (2023 boundaries)",I,2021,2021,3,"Total people, sex",14,65-69 years,203,Tairāwhiti,2760,
DATAFLOW,STATSNZ:POPES_SUB_002(1.0),"Subnational population estimates (Health regions and Health districts), by age and sex, at 30 June 1996-25 (2023 boundaries)",I,2022,2022,3,"Total people, sex",14,65-69 years,201,Lakes,6190,
DATAFLOW,STATSNZ:POPES_SUB_002(1.0),"Subnational population estimates (Health regions and Health districts), by age and sex, at 30 June 1996-25 (2023 boundaries)",I,2022,2022,3,"Total people, sex",17,80-84 years,303,"Capital, Coast and Hutt Valley",8970,
DATAFLOW,STATSNZ:POPES_SUB_002(1.0),"Subnational population estimates (Health regions and Health districts), by age and sex, at 30 June 1996-25 (2023 boundaries)",I,2021,2021,3,"Total people, sex",14,65-69 years,304,Wairarapa,3390,
DATAFLOW,STATSNZ:POPES_SUB_002(1.0),"Subnational population estimates (Health regions and Health districts), by age and sex, at 30 June 1996-25 (2023 boundaries)",I,2021,2021,3,"Total people, sex",14,65-69 years,400,Nelson Marlborough,10720,
DATAFLOW,STATSNZ:POPES_SUB_002(1.0),"Subnational population estimates (Health regions and Health districts), by age and sex, at 30 June 1996-25 (2023 boundaries)",I,2021,2021,3,"Total people, sex",19,90 years and over,404,Southern,2630,
DATAFLOW,STATSNZ:POPES_SUB_002(1.0),"Subnational population estimates (Health regions and Health districts), by age and sex, at 30 June 1996-25 (2023 boundaries)",I,2024,2024,3,"Total people, sex",18,85-89 years,200,Waikato,5430,
DATAFLOW,STATSNZ:POPES_SUB_002(1.0),"Subnational population estimates (Health regions and Health districts), by age and sex, at 30 June 1996-25 (2023 boundaries)",I,2020,2020,3,"Total people, sex",16,75-79 years,204,Taranaki,4030,
DATAFLOW,STATSNZ:POPES_SUB_002(1.0),"Subnational population estimates (Health regions and Health districts), by age and sex, at 30 June 1996-25 (2023 boundaries)",I,2022,2022,3,"Total people, sex",14,65-69 years,402,Canterbury,30030,
DATAFLOW,STATSNZ:POPES_SUB_002(1.0),"Subnational population estimates (Health regions and Health districts), by age and sex, at 30 June 1996-25 (2023 boundaries)",I,2024,2024,3,"Total people, sex",18,85-89 years,302,MidCentral,2690,
DATAFLOW,STATSNZ:POPES_SUB_002(1.0),"Subnational population estimates (Health regions and Health districts), by age and sex, at 30 June 1996-25 (2023 boundaries)",I,2024,2024,3,"Total people, sex",18,85-89 years,404,Southern,4410,
DATAFLOW,STATSNZ:POPES_SUB_002(1.0),"Subnational population estimates (Health regions and Health districts), by age and sex, at 30 June 1996-25 (2023 boundaries)",I,2024,2024,3,"Total people, sex",16,75-79 years,900,Area outside health district,15,
DATAFLOW,STATSNZ:POPES_SUB_002(1.0),"Subnational population estimates (Health regions and Health districts), by age and sex, at 30 June 1996-25 (2023 boundaries)",I,2021,2021,3,"Total people, sex",19,90 years and over,102,Auckland,2860,
DATAFLOW,STATSNZ:POPES_SUB_002(1.0),"Subnational population estimates (Health regions and Health districts), by age and sex, at 30 June 1996-25 (2023 boundaries)",I,2021,2021,3,"Total people, sex",19,90 years and over,200,Waikato,2880,
DATAFLOW,STATSNZ:POPES_SUB_002(1.0),"Subnational population estimates (Health regions and Health districts), by age and sex, at 30 June 1996-25 (2023 boundaries)",I,2024,2024,3,"Total people, sex",4,65 years and over,403,South Canterbury,14200,
DATAFLOW,STATSNZ:POPES_SUB_002(1.0),"Subnational population estimates (Health regions and Health districts), by age and sex, at 30 June 1996-25 (2023 boundaries)",I,2024,2024,3,"Total people, sex",14,65-69 years,100,Northland,13830,
DATAFLOW,STATSNZ:POPES_SUB_002(1.0),"Subnational population estimates (Health regions and Health districts), by age and sex, at 30 June 1996-25 (2023 boundaries)",I,2024,2024,3,"Total people, sex",4,65 years and over,204,Taranaki,25200,
DATAFLOW,STATSNZ:POPES_SUB_002(1.0),"Subnational population estimates (Health regions and Health districts), by age and sex, at 30 June 1996-25 (2023 boundaries)",I,2024,2024,3,"Total people, sex",15,70-74 years,300,Hawke's Bay,8950,
DATAFLOW,STATSNZ:POPES_SUB_002(1.0),"Subnational population estimates (Health regions and Health districts), by age and sex, at 30 June 1996-25 (2023 boundaries)",I,2023,2023,3,"Total people, sex",17,80-84 years,401,West Coast,830,
DATAFLOW,STATSNZ:POPES_SUB_002(1.0),"Subnational population estimates (Health regions and Health districts), by age and sex, at 30 June 1996-25 (2023 boundaries)",I,2024,2024,3,"Total people, sex",18,85-89 years,301,Whanganui,1020,
DATAFLOW,STATSNZ:POPES_SUB_002(1.0),"Subnational population estimates (Health regions and Health districts), by age and sex, at 30 June 1996-25 (2023 boundaries)",I,2020,2020,3,"Total people, sex",16,75-79 years,404,Southern,10610,
DATAFLOW,STATSNZ:POPES_SUB_002(1.0),"Subnational population estimates (Health regions and Health districts), by age and sex, at 30 June 1996-25 (2023 boundaries)",I,2021,2021,3,"Total people, sex",18,85-89 years,403,South Canterbury,1050,
DATAFLOW,STATSNZ:POPES_SUB_002(1.0),"Subnational population estimates (Health regions and Health districts), by age and sex, at 30 June 1996-25 (2023 boundaries)",I,2021,2021,3,"Total people, sex",17,80-84 years,300,Hawke's Bay,4270,
DATAFLOW,STATSNZ:POPES_SUB_002(1.0),"Subnational population estimates (Health regions and Health districts), by age and sex, at 30 June 1996-25 (2023 boundaries)",I,2023,2023,3,"Total people, sex",14,65-69 years,200,Waikato,23560,
DATAFLOW,STATSNZ:POPES_SUB_002(1.0),"Subnational population estimates (Health regions and Health districts), by age and sex, at 30 June 1996-25 (2023 boundaries)",I,2022,2022,3,"Total people, sex",17,80-84 years,400,Nelson Marlborough,4760,
DATAFLOW,STATSNZ:POPES_SUB_002(1.0),"Subnational population estimates (Health regions and Health districts), by age and sex, at 30 June 1996-25 (2023 boundaries)",I,2021,2021,3,"Total people, sex",17,80-84 years,900,Area outside health district,5,
DATAFLOW,STATSNZ:POPES_SUB_002(1.0),"Subnational population estimates (Health regions and Health districts), by age and sex, at 30 June 1996-25 (2023 boundaries)",I,2020,2020,3,"Total people, sex",14,65-69 years,900,Area outside health district,15,
DATAFLOW,STATSNZ:POPES_SUB_002(1.0),"Subnational population estimates (Health regions and Health districts), by age and sex, at 30 June 1996-25 (2023 boundaries)",I,2020,2020,3,"Total people, sex",14,65-69 years,204,Taranaki,6830,
DATAFLOW,STATSNZ:POPES_SUB_002(1.0),"Subnational population estimates (Health regions and Health districts), by age and sex, at 30 June 1996-25 (2023 boundaries)",I,2023,2023,3,"Total people, sex",14,65-69 years,301,Whanganui,4380,
DATAFLOW,STATSNZ:POPES_SUB_002(1.0),"Subnational population estimates (Health regions and Health districts), by age and sex, at 30 June 1996-25 (2023 boundaries)",I,2024,2024,3,"Total people, sex",4,65 years and over,900,Area outside health district,70,
DATAFLOW,STATSNZ:POPES_SUB_002(1.0),"Subnational population estimates (Health regions and Health districts), by age and sex, at 30 June 1996-25 (2023 boundaries)",I,2021,2021,3,"Total people, sex",19,90 years and over,300,Hawke's Bay,1360,
DATAFLOW,STATSNZ:POPES_SUB_002(1.0),"Subnational population estimates (Health regions and Health districts), by age and sex, at 30 June 1996-25 (2023 boundaries)",I,2022,2022,3,"Total people, sex",17,80-84 years,203,Tairāwhiti,1030,
DATAFLOW,STATSNZ:POPES_SUB_002(1.0),"Subnational population estimates (Health regions and Health districts), by age and sex, at 30 June 1996-25 (2023 boundaries)",I,2022,2022,3,"Total people, sex",18,85-89 years,304,Wairarapa,750,
DATAFLOW,STATSNZ:POPES_SUB_002(1.0),"Subnational population estimates (Health regions and Health districts), by age and sex, at 30 June 1996-25 (2023 boundaries)",I,2020,2020,3,"Total people, sex",4,65 years and over,204,Taranaki,22300,
DATAFLOW,STATSNZ:POPES_SUB_002(1.0),"Subnational population estimates (Health regions and Health districts), by age and sex, at 30 June 1996-25 (2023 boundaries)",I,2024,2024,3,"Total people, sex",4,65 years and over,302,MidCentral,36700,
DATAFLOW,STATSNZ:POPES_SUB_002(1.0),"Subnational population estimates (Health regions and Health districts), by age and sex, at 30 June 1996-25 (2023 boundaries)",I,2024,2024,3,"Total people, sex",4,65 years and over,404,Southern,64500,
DATAFLOW,STATSNZ:POPES_SUB_002(1.0),"Subnational population estimates (Health regions and Health districts), by age and sex, at 30 June 1996-25 (2023 boundaries)",I,2021,2021,3,"Total people, sex",17,80-84 years,102,Auckland,7640,
DATAFLOW,STATSNZ:POPES_SUB_002(1.0),"Subnational population estimates (Health regions and Health districts), by age and sex, at 30 June 1996-25 (2023 boundaries)",I,2021,2021,3,"Total people, sex",18,85-89 years,900,Area outside health district,0,
DATAFLOW,STATSNZ:POPES_SUB_002(1.0),"Subnational population estimates (Health regions and Health districts), by age and sex, at 30 June 1996-25 (2023 boundaries)",I,2023,2023,3,"Total people, sex",18,85-89 years,402,Canterbury,7240,
DATAFLOW,STATSNZ:POPES_SUB_002(1.0),"Subnational population estimates (Health regions and Health districts), by age and sex, at 30 June 1996-25 (2023 boundaries)",I,2020,2020,3,"Total people, sex",4,65 years and over,302,MidCentral,33500,
DATAFLOW,STATSNZ:POPES_SUB_002(1.0),"Subnational population estimates (Health regions and Health districts), by age and sex, at 30 June 1996-25 (2023 boundaries)",I,2022,2022,3,"Total people, sex",14,65-69 years,101,Waitematā,28330,
DATAFLOW,STATSNZ:POPES_SUB_002(1.0),"Subnational population estimates (Health regions and Health districts), by age and sex, at 30 June 1996-25 (2023 boundaries)",I,2022,2022,3,"Total people, sex",19,90 years and over,303,"Capital, Coast and Hutt Valley",2960,
DATAFLOW,STATSNZ:POPES_SUB_002(1.0),"Subnational population estimates (Health regions and Health districts), by age and sex, at 30 June 1996-25 (2023 boundaries)",I,2021,2021,3,"Total people, sex",19,90 years and over,202,Bay of Plenty,2280,
DATAFLOW,STATSNZ:POPES_SUB_002(1.0),"Subnational population estimates (Health regions and Health districts), by age and sex, at 30 June 1996-25 (2023 boundaries)",I,2020,2020,3,"Total people, sex",18,85-89 years,302,MidCentral,2450,
DATAFLOW,STATSNZ:POPES_SUB_002(1.0),"Subnational population estimates (Health regions and Health districts), by age and sex, at 30 June 1996-25 (2023 boundaries)",I,2022,2022,3,"Total people, sex",14,65-69 years,103,Counties Manukau,23000,
DATAFLOW,STATSNZ:POPES_SUB_002(1.0),"Subnational population estimates (Health regions and Health districts), by age and sex, at 30 June 1996-25 (2023 boundaries)",I,2023,2023,3,"Total people, sex",16,75-79 years,402,Canterbury,20110,
DATAFLOW,STATSNZ:POPES_SUB_002(1.0),"Subnational population estimates (Health regions and Health districts), by age and sex, at 30 June 1996-25 (2023 boundaries)",I,2024,2024,3,"Total people, sex",14,65-69 years,203,Tairāwhiti,2800,
DATAFLOW,STATSNZ:POPES_SUB_002(1.0),"Subnational population estimates (Health regions and Health districts), by age and sex, at 30 June 1996-25 (2023 boundaries)",I,2023,2023,3,"Total people, sex",15,70-74 years,103,Counties Manukau,18540,
DATAFLOW,STATSNZ:POPES_SUB_002(1.0),"Subnational population estimates (Health regions and Health districts), by age and sex, at 30 June 1996-25 (2023 boundaries)",I,2020,2020,3,"Total people, sex",15,70-74 years,300,Hawke's Bay,8980,
DATAFLOW,STATSNZ:POPES_SUB_002(1.0),"Subnational population estimates (Health regions and Health districts), by age and sex, at 30 June 1996-25 (2023 boundaries)",I,2021,2021,3,"Total people, sex",4,65 years and over,100,Northland,40600,
DATAFLOW,STATSNZ:POPES_SUB_002(1.0),"Subnational population estimates (Health regions and Health districts), by age and sex, at 30 June 1996-25 (2023 boundaries)",I,2023,2023,3,"Total people, sex",17,80-84 years,101,Waitematā,12510,
DATAFLOW,STATSNZ:POPES_SUB_002(1.0),"Subnational population estimates (Health regions and Health districts), by age and sex, at 30 June 1996-25 (2023 boundaries)",I,2023,2023,3,"Total people, sex",14,65-69 years,102,Auckland,20530,
DATAFLOW,STATSNZ:POPES_SUB_002(1.0),"Subnational population estimates (Health regions and Health districts), by age and sex, at 30 June 1996-25 (2023 boundaries)",I,2024,2024,3,"Total people, sex",14,65-69 years,400,Nelson Marlborough,11010,
DATAFLOW,STATSNZ:POPES_SUB_002(1.0),"Subnational population estimates (Health regions and Health districts), by age and sex, at 30 June 1996-25 (2023 boundaries)",I,2021,2021,3,"Total people, sex",17,80-84 years,301,Whanganui,1820,
DATAFLOW,STATSNZ:POPES_SUB_002(1.0),"Subnational population estimates (Health regions and Health districts), by age and sex, at 30 June 1996-25 (2023 boundaries)",I,2022,2022,3,"Total people, sex",17,80-84 years,201,Lakes,2580,
DATAFLOW,STATSNZ:POPES_SUB_002(1.0),"Subnational population estimates (Health regions and Health districts), by age and sex, at 30 June 1996-25 (2023 boundaries)",I,2020,2020,3,"Total people, sex",16,75-79 years,301,Whanganui,2510,
DATAFLOW,STATSNZ:POPES_SUB_002(1.0),"Subnational population estimates (Health regions and Health districts), by age and sex, at 30 June 1996-25 (2023 boundaries)",I,2020,2020,3,"Total people, sex",18,85-89 years,200,Waikato,4940,
DATAFLOW,STATSNZ:POPES_SUB_002(1.0),"Subnational population estimates (Health regions and Health districts), by age and sex, at 30 June 1996-25 (2023 boundaries)",I,2020,2020,3,"Total people, sex",16,75-79 years,401,West Coast,1210,
DATAFLOW,STATSNZ:POPES_SUB_002(1.0),"Subnational population estimates (Health regions and Health districts), by age and sex, at 30 June 1996-25 (2023 boundaries)",I,2022,2022,3,"Total people, sex",4,65 years and over,304,Wairarapa,11500,
DATAFLOW,STATSNZ:POPES_SUB_002(1.0),"Subnational population estimates (Health regions and Health districts), by age and sex, at 30 June 1996-25 (2023 boundaries)",I,2023,2023,3,"Total people, sex",15,70-74 years,401,West Coast,2120,
DATAFLOW,STATSNZ:POPES_SUB_002(1.0),"Subnational population estimates (Health regions and Health districts), by age and sex, at 30 June 1996-25 (2023 boundaries)",I,2024,2024,3,"Total people, sex",17,80-84 years,300,Hawke's Bay,4640,
DATAFLOW,STATSNZ:POPES_SUB_002(1.0),"Subnational population estimates (Health regions and Health districts), by age and sex, at 30 June 1996-25 (2023 boundaries)",I,2020,2020,3,"Total people, sex",16,75-79 years,200,Waikato,13440,
DATAFLOW,STATSNZ:POPES_SUB_002(1.0),"Subnational population estimates (Health regions and Health districts), by age and sex, at 30 June 1996-25 (2023 boundaries)",I,2023,2023,3,"Total people, sex",18,85-89 years,201,Lakes,1220,
DATAFLOW,STATSNZ:POPES_SUB_002(1.0),"Subnational population estimates (Health regions and Health districts), by age and sex, at 30 June 1996-25 (2023 boundaries)",I,2020,2020,3,"Total people, sex",18,85-89 years,404,Southern,4260,
DATAFLOW,STATSNZ:POPES_SUB_002(1.0),"Subnational population estimates (Health regions and Health districts), by age and sex, at 30 June 1996-25 (2023 boundaries)",I,2024,2024,3,"Total people, sex",16,75-79 years,403,South Canterbury,3010,
DATAFLOW,STATSNZ:POPES_SUB_002(1.0),"Subnational population estimates (Health regions and Health districts), by age and sex, at 30 June 1996-25 (2023 boundaries)",I,2024,2024,3,"Total people, sex",16,75-79 years,301,Whanganui,3100,
DATAFLOW,STATSNZ:POPES_SUB_002(1.0),"Subnational population estimates (Health regions and Health districts), by age and sex, at 30 June 1996-25 (2023 boundaries)",I,2020,2020,3,"Total people, sex",16,75-79 years,900,Area outside health district,10,
DATAFLOW,STATSNZ:POPES_SUB_002(1.0),"Subnational population estimates (Health regions and Health districts), by age and sex, at 30 June 1996-25 (2023 boundaries)",I,2022,2022,3,"Total people, sex",14,65-69 years,303,"Capital, Coast and Hutt Valley",20730,
DATAFLOW,STATSNZ:POPES_SUB_002(1.0),"Subnational population estimates (Health regions and Health districts), by age and sex, at 30 June 1996-25 (2023 boundaries)",I,2020,2020,3,"Total people, sex",14,65-69 years,301,Whanganui,4150,
DATAFLOW,STATSNZ:POPES_SUB_002(1.0),"Subnational population estimates (Health regions and Health districts), by age and sex, at 30 June 1996-25 (2023 boundaries)",I,2020,2020,3,"Total people, sex",14,65-69 years,403,South Canterbury,3940,
DATAFLOW,STATSNZ:POPES_SUB_002(1.0),"Subnational population estimates (Health regions and Health districts), by age and sex, at 30 June 1996-25 (2023 boundaries)",I,2024,2024,3,"Total people, sex",18,85-89 years,403,South Canterbury,1040,
DATAFLOW,STATSNZ:POPES_SUB_002(1.0),"Subnational population estimates (Health regions and Health districts), by age and sex, at 30 June 1996-25 (2023 boundaries)",I,2024,2024,3,"Total people, sex",18,85-89 years,900,Area outside health district,0,
DATAFLOW,STATSNZ:POPES_SUB_002(1.0),"Subnational population estimates (Health regions and Health districts), by age and sex, at 30 June 1996-25 (2023 boundaries)",I,2020,2020,3,"Total people, sex",4,65 years and over,102,Auckland,60100,
DATAFLOW,STATSNZ:POPES_SUB_002(1.0),"Subnational population estimates (Health regions and Health districts), by age and sex, at 30 June 1996-25 (2023 boundaries)",I,2020,2020,3,"Total people, sex",19,90 years and over,204,Taranaki,1040,
DATAFLOW,STATSNZ:POPES_SUB_002(1.0),"Subnational population estimates (Health regions and Health districts), by age and sex, at 30 June 1996-25 (2023 boundaries)",I,2024,2024,3,"Total people, sex",15,70-74 years,102,Auckland,16730,
DATAFLOW,STATSNZ:POPES_SUB_002(1.0),"Subnational population estimates (Health regions and Health districts), by age and sex, at 30 June 1996-25 (2023 boundaries)",I,2024,2024,3,"Total people, sex",18,85-89 years,401,West Coast,430,
DATAFLOW,STATSNZ:POPES_SUB_002(1.0),"Subnational population estimates (Health regions and Health districts), by age and sex, at 30 June 1996-25 (2023 boundaries)",I,2023,2023,3,"Total people, sex",14,65-69 years,300,Hawke's Bay,9990,
DATAFLOW,STATSNZ:POPES_SUB_002(1.0),"Subnational population estimates (Health regions and Health districts), by age and sex, at 30 June 1996-25 (2023 boundaries)",I,2021,2021,3,"Total people, sex",4,65 years and over,203,Tairāwhiti,8300,
DATAFLOW,STATSNZ:POPES_SUB_002(1.0),"Subnational population estimates (Health regions and Health districts), by age and sex, at 30 June 1996-25 (2023 boundaries)",I,2023,2023,3,"Total people, sex",15,70-74 years,101,Waitematā,23660,
DATAFLOW,STATSNZ:POPES_SUB_002(1.0),"Subnational population estimates (Health regions and Health districts), by age and sex, at 30 June 1996-25 (2023 boundaries)",I,2024,2024,3,"Total people, sex",17,80-84 years,102,Auckland,8230,
DATAFLOW,STATSNZ:POPES_SUB_002(1.0),"Subnational population estimates (Health regions and Health districts), by age and sex, at 30 June 1996-25 (2023 boundaries)",I,2020,2020,3,"Total people, sex",17,80-84 years,402,Canterbury,11300,
DATAFLOW,STATSNZ:POPES_SUB_002(1.0),"Subnational population estimates (Health regions and Health districts), by age and sex, at 30 June 1996-25 (2023 boundaries)",I,2023,2023,3,"Total people, sex",14,65-69 years,204,Taranaki,7490,
DATAFLOW,STATSNZ:POPES_SUB_002(1.0),"Subnational population estimates (Health regions and Health districts), by age and sex, at 30 June 1996-25 (2023 boundaries)",I,2021,2021,3,"Total people, sex",17,80-84 years,304,Wairarapa,1390,
DATAFLOW,STATSNZ:POPES_SUB_002(1.0),"Subnational population estimates (Health regions and Health districts), by age and sex, at 30 June 1996-25 (2023 boundaries)",I,2020,2020,3,"Total people, sex",15,70-74 years,102,Auckland,15560,
DATAFLOW,STATSNZ:POPES_SUB_002(1.0),"Subnational population estimates (Health regions and Health districts), by age and sex, at 30 June 1996-25 (2023 boundaries)",I,2020,2020,3,"Total people, sex",16,75-79 years,403,South Canterbury,2520,
DATAFLOW,STATSNZ:POPES_SUB_002(1.0),"Subnational population estimates (Health regions and Health districts), by age and sex, at 30 June 1996-25 (2023 boundaries)",I,2022,2022,3,"Total people, sex",19,90 years and over,900,Area outside health district,0,
DATAFLOW,STATSNZ:POPES_SUB_002(1.0),"Subnational population estimates (Health regions and Health districts), by age and sex, at 30 June 1996-25 (2023 boundaries)",I,2023,2023,3,"Total people, sex",17,80-84 years,103,Counties Manukau,8740,
DATAFLOW,STATSNZ:POPES_SUB_002(1.0),"Subnational population estimates (Health regions and Health districts), by age and sex, at 30 June 1996-25 (2023 boundaries)",I,2020,2020,3,"Total people, sex",19,90 years and over,301,Whanganui,580,
DATAFLOW,STATSNZ:POPES_SUB_002(1.0),"Subnational population estimates (Health regions and Health districts), by age and sex, at 30 June 1996-25 (2023 boundaries)",I,2020,2020,3,"Total people, sex",19,90 years and over,403,South Canterbury,580,
DATAFLOW,STATSNZ:POPES_SUB_002(1.0),"Subnational population estimates (Health regions and Health districts), by age and sex, at 30 June 1996-25 (2023 boundaries)",I,2020,2020,3,"Total people, sex",18,85-89 years,102,Auckland,4130,
DATAFLOW,STATSNZ:POPES_SUB_002(1.0),"Subnational population estimates (Health regions and Health districts), by age and sex, at 30 June 1996-25 (2023 boundaries)",I,2023,2023,3,"Total people, sex",14,65-69 years,202,Bay of Plenty,15400,
DATAFLOW,STATSNZ:POPES_SUB_002(1.0),"Subnational population estimates (Health regions and Health districts), by age and sex, at 30 June 1996-25 (2023 boundaries)",I,2020,2020,3,"Total people, sex",17,80-84 years,201,Lakes,2190,
DATAFLOW,STATSNZ:POPES_SUB_002(1.0),"Subnational population estimates (Health regions and Health districts), by age and sex, at 30 June 1996-25 (2023 boundaries)",I,2024,2024,3,"Total people, sex",19,90 years and over,402,Canterbury,4210,
DATAFLOW,STATSNZ:POPES_SUB_002(1.0),"Subnational population estimates (Health regions and Health districts), by age and sex, at 30 June 1996-25 (2023 boundaries)",I,2021,2021,3,"Total people, sex",14,65-69 years,300,Hawke's Bay,9970,
DATAFLOW,STATSNZ:POPES_SUB_002(1.0),"Subnational population estimates (Health regions and Health districts), by age and sex, at 30 June 1996-25 (2023 boundaries)",I,2020,2020,3,"Total people, sex",14,65-69 years,401,West Coast,2310,
DATAFLOW,STATSNZ:POPES_SUB_002(1.0),"Subnational population estimates (Health regions and Health districts), by age and sex, at 30 June 1996-25 (2023 boundaries)",I,2021,2021,3,"Total people, sex",19,90 years and over,304,Wairarapa,430,
DATAFLOW,STATSNZ:POPES_SUB_002(1.0),"Subnational population estimates (Health regions and Health districts), by age and sex, at 30 June 1996-25 (2023 boundaries)",I,2022,2022,3,"Total people, sex",16,75-79 years,103,Counties Manukau,12710,
DATAFLOW,STATSNZ:POPES_SUB_002(1.0),"Subnational population estimates (Health regions and Health districts), by age and sex, at 30 June 1996-25 (2023 boundaries)",I,2021,2021,3,"Total people, sex",4,65 years and over,303,"Capital, Coast and Hutt Valley",67000,
DATAFLOW,STATSNZ:POPES_SUB_002(1.0),"Subnational population estimates (Health regions and Health districts), by age and sex, at 30 June 1996-25 (2023 boundaries)",I,2021,2021,3,"Total people, sex",15,70-74 years,301,Whanganui,3810,
DATAFLOW,STATSNZ:POPES_SUB_002(1.0),"Subnational population estimates (Health regions and Health districts), by age and sex, at 30 June 1996-25 (2023 boundaries)",I,2021,2021,3,"Total people, sex",15,70-74 years,403,South Canterbury,3670,
DATAFLOW,STATSNZ:POPES_SUB_002(1.0),"Subnational population estimates (Health regions and Health districts), by age and sex, at 30 June 1996-25 (2023 boundaries)",I,2022,2022,3,"Total people, sex",15,70-74 years,304,Wairarapa,3140,
DATAFLOW,STATSNZ:POPES_SUB_002(1.0),"Subnational population estimates (Health regions and Health districts), by age and sex, at 30 June 1996-25 (2023 boundaries)",I,2024,2024,3,"Total people, sex",14,65-69 years,303,"Capital, Coast and Hutt Valley",21510,
DATAFLOW,STATSNZ:POPES_SUB_002(1.0),"Subnational population estimates (Health regions and Health districts), by age and sex, at 30 June 1996-25 (2023 boundaries)",I,2021,2021,3,"Total people, sex",14,65-69 years,102,Auckland,19890,
DATAFLOW,STATSNZ:POPES_SUB_002(1.0),"Subnational population estimates (Health regions and Health districts), by age and sex, at 30 June 1996-25 (2023 boundaries)",I,2023,2023,3,"Total people, sex",15,70-74 years,201,Lakes,5370,
DATAFLOW,STATSNZ:POPES_SUB_002(1.0),"Subnational population estimates (Health regions and Health districts), by age and sex, at 30 June 1996-25 (2023 boundaries)",I,2023,2023,3,"Total people, sex",18,85-89 years,303,"Capital, Coast and Hutt Valley",4910,
DATAFLOW,STATSNZ:POPES_SUB_002(1.0),"Subnational population estimates (Health regions and Health districts), by age and sex, at 30 June 1996-25 (2023 boundaries)",I,2020,2020,3,"Total people, sex",4,65 years and over,300,Hawke's Bay,32700,
DATAFLOW,STATSNZ:POPES_SUB_002(1.0),"Subnational population estimates (Health regions and Health districts), by age and sex, at 30 June 1996-25 (2023 boundaries)",I,2021,2021,3,"Total people, sex",16,75-79 years,303,"Capital, Coast and Hutt Valley",12350,
DATAFLOW,STATSNZ:POPES_SUB_002(1.0),"Subnational population estimates (Health regions and Health districts), by age and sex, at 30 June 1996-25 (2023 boundaries)",I,2022,2022,3,"Total people, sex",16,75-79 years,401,West Coast,1380,
DATAFLOW,STATSNZ:POPES_SUB_002(1.0),"Subnational population estimates (Health regions and Health districts), by age and sex, at 30 June 1996-25 (2023 boundaries)",I,2023,2023,3,"Total people, sex",17,80-84 years,301,Whanganui,1880,
DATAFLOW,STATSNZ:POPES_SUB_002(1.0),"Subnational population estimates (Health regions and Health districts), by age and sex, at 30 June 1996-25 (2023 boundaries)",I,2024,2024,3,"Total people, sex",4,65 years and over,103,Counties Manukau,74500,
DATAFLOW,STATSNZ:POPES_SUB_002(1.0),"Subnational population estimates (Health regions and Health districts), by age and sex, at 30 June 1996-25 (2023 boundaries)",I,2024,2024,3,"Total people, sex",16,75-79 years,401,West Coast,1610,
DATAFLOW,STATSNZ:POPES_SUB_002(1.0),"Subnational population estimates (Health regions and Health districts), by age and sex, at 30 June 1996-25 (2023 boundaries)",I,2021,2021,3,"Total people, sex",17,80-84 years,302,MidCentral,4550,
DATAFLOW,STATSNZ:POPES_SUB_002(1.0),"Subnational population estimates (Health regions and Health districts), by age and sex, at 30 June 1996-25 (2023 boundaries)",I,2023,2023,3,"Total people, sex",16,75-79 years,300,Hawke's Bay,7010,
DATAFLOW,STATSNZ:POPES_SUB_002(1.0),"Subnational population estimates (Health regions and Health districts), by age and sex, at 30 June 1996-25 (2023 boundaries)",I,2023,2023,3,"Total people, sex",17,80-84 years,204,Taranaki,3030,
DATAFLOW,STATSNZ:POPES_SUB_002(1.0),"Subnational population estimates (Health regions and Health districts), by age and sex, at 30 June 1996-25 (2023 boundaries)",I,2021,2021,3,"Total people, sex",17,80-84 years,204,Taranaki,2900,
DATAFLOW,STATSNZ:POPES_SUB_002(1.0),"Subnational population estimates (Health regions and Health districts), by age and sex, at 30 June 1996-25 (2023 boundaries)",I,2022,2022,3,"Total people, sex",18,85-89 years,202,Bay of Plenty,3910,
DATAFLOW,STATSNZ:POPES_SUB_002(1.0),"Subnational population estimates (Health regions and Health districts), by age and sex, at 30 June 1996-25 (2023 boundaries)",I,2020,2020,3,"Total people, sex",14,65-69 years,103,Counties Manukau,22510,
DATAFLOW,STATSNZ:POPES_SUB_002(1.0),"Subnational population estimates (Health regions and Health districts), by age and sex, at 30 June 1996-25 (2023 boundaries)",I,2024,2024,3,"Total people, sex",17,80-84 years,203,Tairāwhiti,1060,
DATAFLOW,STATSNZ:POPES_SUB_002(1.0),"Subnational population estimates (Health regions and Health districts), by age and sex, at 30 June 1996-25 (2023 boundaries)",I,2024,2024,3,"Total people, sex",17,80-84 years,400,Nelson Marlborough,5080,
DATAFLOW,STATSNZ:POPES_SUB_002(1.0),"Subnational population estimates (Health regions and Health districts), by age and sex, at 30 June 1996-25 (2023 boundaries)",I,2024,2024,3,"Total people, sex",16,75-79 years,103,Counties Manukau,14210,
DATAFLOW,STATSNZ:POPES_SUB_002(1.0),"Subnational population estimates (Health regions and Health districts), by age and sex, at 30 June 1996-25 (2023 boundaries)",I,2023,2023,3,"Total people, sex",19,90 years and over,302,MidCentral,1390,
DATAFLOW,STATSNZ:POPES_SUB_002(1.0),"Subnational population estimates (Health regions and Health districts), by age and sex, at 30 June 1996-25 (2023 boundaries)",I,2023,2023,3,"Total people, sex",4,65 years and over,303,"Capital, Coast and Hutt Valley",68800,
DATAFLOW,STATSNZ:POPES_SUB_002(1.0),"Subnational population estimates (Health regions and Health districts), by age and sex, at 30 June 1996-25 (2023 boundaries)",I,2024,2024,3,"Total people, sex",19,90 years and over,201,Lakes,690,
DATAFLOW,STATSNZ:POPES_SUB_002(1.0),"Subnational population estimates (Health regions and Health districts), by age and sex, at 30 June 1996-25 (2023 boundaries)",I,2021,2021,3,"Total people, sex",17,80-84 years,200,Waikato,9240,
DATAFLOW,STATSNZ:POPES_SUB_002(1.0),"Subnational population estimates (Health regions and Health districts), by age and sex, at 30 June 1996-25 (2023 boundaries)",I,2021,2021,3,"Total people, sex",14,65-69 years,200,Waikato,22530,
DATAFLOW,STATSNZ:POPES_SUB_002(1.0),"Subnational population estimates (Health regions and Health districts), by age and sex, at 30 June 1996-25 (2023 boundaries)",I,2023,2023,3,"Total people, sex",17,80-84 years,403,South Canterbury,1920,
DATAFLOW,STATSNZ:POPES_SUB_002(1.0),"Subnational population estimates (Health regions and Health districts), by age and sex, at 30 June 1996-25 (2023 boundaries)",I,2020,2020,3,"Total people, sex",15,70-74 years,100,Northland,10950,
DATAFLOW,STATSNZ:POPES_SUB_002(1.0),"Subnational population estimates (Health regions and Health districts), by age and sex, at 30 June 1996-25 (2023 boundaries)",I,2022,2022,3,"Total people, sex",19,90 years and over,201,Lakes,710,
DATAFLOW,STATSNZ:POPES_SUB_002(1.0),"Subnational population estimates (Health regions and Health districts), by age and sex, at 30 June 1996-25 (2023 boundaries)",I,2021,2021,3,"Total people, sex",14,65-69 years,202,Bay of Plenty,15160,
DATAFLOW,STATSNZ:POPES_SUB_002(1.0),"Subnational population estimates (Health regions and Health districts), by age and sex, at 30 June 1996-25 (2023 boundaries)",I,2024,2024,3,"Total people, sex",15,70-74 years,302,MidCentral,9330,
DATAFLOW,STATSNZ:POPES_SUB_002(1.0),"Subnational population estimates (Health regions and Health districts), by age and sex, at 30 June 1996-25 (2023 boundaries)",I,2024,2024,3,"Total people, sex",17,80-84 years,100,Northland,5460,
DATAFLOW,STATSNZ:POPES_SUB_002(1.0),"Subnational population estimates (Health regions and Health districts), by age and sex, at 30 June 1996-25 (2023 boundaries)",I,2024,2024,3,"Total people, sex",15,70-74 years,404,Southern,16390,
DATAFLOW,STATSNZ:POPES_SUB_002(1.0),"Subnational population estimates (Health regions and Health districts), by age and sex, at 30 June 1996-25 (2023 boundaries)",I,2022,2022,3,"Total people, sex",17,80-84 years,100,Northland,5180,
DATAFLOW,STATSNZ:POPES_SUB_002(1.0),"Subnational population estimates (Health regions and Health districts), by age and sex, at 30 June 1996-25 (2023 boundaries)",I,2024,2024,3,"Total people, sex",4,65 years and over,401,West Coast,8000,
DATAFLOW,STATSNZ:POPES_SUB_002(1.0),"Subnational population estimates (Health regions and Health districts), by age and sex, at 30 June 1996-25 (2023 boundaries)",I,2020,2020,3,"Total people, sex",4,65 years and over,404,Southern,58400,
DATAFLOW,STATSNZ:POPES_SUB_002(1.0),"Subnational population estimates (Health regions and Health districts), by age and sex, at 30 June 1996-25 (2023 boundaries)",I,2020,2020,3,"Total people, sex",15,70-74 years,203,Tairāwhiti,2120,
DATAFLOW,STATSNZ:POPES_SUB_002(1.0),"Subnational population estimates (Health regions and Health districts), by age and sex, at 30 June 1996-25 (2023 boundaries)",I,2023,2023,3,"Total people, sex",16,75-79 years,102,Auckland,11930,
DATAFLOW,STATSNZ:POPES_SUB_002(1.0),"Subnational population estimates (Health regions and Health districts), by age and sex, at 30 June 1996-25 (2023 boundaries)",I,2021,2021,3,"Total people, sex",16,75-79 years,203,Tairāwhiti,1420,
DATAFLOW,STATSNZ:POPES_SUB_002(1.0),"Subnational population estimates (Health regions and Health districts), by age and sex, at 30 June 1996-25 (2023 boundaries)",I,2020,2020,3,"Total people, sex",15,70-74 years,400,Nelson Marlborough,9790,
DATAFLOW,STATSNZ:POPES_SUB_002(1.0),"Subnational population estimates (Health regions and Health districts), by age and sex, at 30 June 1996-25 (2023 boundaries)",I,2023,2023,3,"Total people, sex",19,90 years and over,200,Waikato,2890,
DATAFLOW,STATSNZ:POPES_SUB_002(1.0),"Subnational population estimates (Health regions and Health districts), by age and sex, at 30 June 1996-25 (2023 boundaries)",I,2023,2023,3,"Total people, sex",4,65 years and over,400,Nelson Marlborough,37300,
DATAFLOW,STATSNZ:POPES_SUB_002(1.0),"Subnational population estimates (Health regions and Health districts), by age and sex, at 30 June 1996-25 (2023 boundaries)",I,2020,2020,3,"Total people, sex",19,90 years and over,101,Waitematā,3820,
DATAFLOW,STATSNZ:POPES_SUB_002(1.0),"Subnational population estimates (Health regions and Health districts), by age and sex, at 30 June 1996-25 (2023 boundaries)",I,2020,2020,3,"Total people, sex",4,65 years and over,200,Waikato,71000,
DATAFLOW,STATSNZ:POPES_SUB_002(1.0),"Subnational population estimates (Health regions and Health districts), by age and sex, at 30 June 1996-25 (2023 boundaries)",I,2022,2022,3,"Total people, sex",16,75-79 years,101,Waitematā,17790,
DATAFLOW,STATSNZ:POPES_SUB_002(1.0),"Subnational population estimates (Health regions and Health districts), by age and sex, at 30 June 1996-25 (2023 boundaries)",I,2021,2021,3,"Total people, sex",16,75-79 years,400,Nelson Marlborough,6820,
DATAFLOW,STATSNZ:POPES_SUB_002(1.0),"Subnational population estimates (Health regions and Health districts), by age and sex, at 30 June 1996-25 (2023 boundaries)",I,2023,2023,3,"Total people, sex",4,65 years and over,203,Tairāwhiti,8500,
DATAFLOW,STATSNZ:POPES_SUB_002(1.0),"Subnational population estimates (Health regions and Health districts), by age and sex, at 30 June 1996-25 (2023 boundaries)",I,2024,2024,3,"Total people, sex",15,70-74 years,304,Wairarapa,3140,
DATAFLOW,STATSNZ:POPES_SUB_002(1.0),"Subnational population estimates (Health regions and Health districts), by age and sex, at 30 June 1996-25 (2023 boundaries)",I,2021,2021,3,"Total people, sex",17,80-84 years,404,Southern,7560,
DATAFLOW,STATSNZ:POPES_SUB_002(1.0),"Subnational population estimates (Health regions and Health districts), by age and sex, at 30 June 1996-25 (2023 boundaries)",I,2022,2022,3,"Total people, sex",18,85-89 years,200,Waikato,5110,
DATAFLOW,STATSNZ:POPES_SUB_002(1.0),"Subnational population estimates (Health regions and Health districts), by age and sex, at 30 June 1996-25 (2023 boundaries)",I,2021,2021,3,"Total people, sex",15,70-74 years,900,Area outside health district,15,
DATAFLOW,STATSNZ:POPES_SUB_002(1.0),"Subnational population estimates (Health regions and Health districts), by age and sex, at 30 June 1996-25 (2023 boundaries)",I,2022,2022,3,"Total people, sex",16,75-79 years,900,Area outside health district,15,
DATAFLOW,STATSNZ:POPES_SUB_002(1.0),"Subnational population estimates (Health regions and Health districts), by age and sex, at 30 June 1996-25 (2023 boundaries)",I,2022,2022,3,"Total people, sex",18,85-89 years,404,Southern,4250,
DATAFLOW,STATSNZ:POPES_SUB_002(1.0),"Subnational population estimates (Health regions and Health districts), by age and sex, at 30 June 1996-25 (2023 boundaries)",I,2023,2023,3,"Total people, sex",4,65 years and over,402,Canterbury,101700,
DATAFLOW,STATSNZ:POPES_SUB_002(1.0),"Subnational population estimates (Health regions and Health districts), by age and sex, at 30 June 1996-25 (2023 boundaries)",I,2023,2023,3,"Total people, sex",19,90 years and over,202,Bay of Plenty,2260,
DATAFLOW,STATSNZ:POPES_SUB_002(1.0),"Subnational population estimates (Health regions and Health districts), by age and sex, at 30 June 1996-25 (2023 boundaries)",I,2023,2023,3,"Total people, sex",19,90 years and over,304,Wairarapa,430,
DATAFLOW,STATSNZ:POPES_SUB_002(1.0),"Subnational population estimates (Health regions and Health districts), by age and sex, at 30 June 1996-25 (2023 boundaries)",I,2024,2024,3,"Total people, sex",15,70-74 years,200,Waikato,20200,
DATAFLOW,STATSNZ:POPES_SUB_002(1.0),"Subnational population estimates (Health regions and Health districts), by age and sex, at 30 June 1996-25 (2023 boundaries)",I,2020,2020,3,"Total people, sex",19,90 years and over,401,West Coast,210,
DATAFLOW,STATSNZ:POPES_SUB_002(1.0),"Subnational population estimates (Health regions and Health districts), by age and sex, at 30 June 1996-25 (2023 boundaries)",I,2022,2022,3,"Total people, sex",17,80-84 years,402,Canterbury,12950,
DATAFLOW,STATSNZ:POPES_SUB_002(1.0),"Subnational population estimates (Health regions and Health districts), by age and sex, at 30 June 1996-25 (2023 boundaries)",I,2023,2023,3,"Total people, sex",14,65-69 years,302,MidCentral,10390,
DATAFLOW,STATSNZ:POPES_SUB_002(1.0),"Subnational population estimates (Health regions and Health districts), by age and sex, at 30 June 1996-25 (2023 boundaries)",I,2023,2023,3,"Total people, sex",14,65-69 years,404,Southern,19460,
DATAFLOW,STATSNZ:POPES_SUB_002(1.0),"Subnational population estimates (Health regions and Health districts), by age and sex, at 30 June 1996-25 (2023 boundaries)",I,2020,2020,3,"Total people, sex",19,90 years and over,900,Area outside health district,0,
DATAFLOW,STATSNZ:POPES_SUB_002(1.0),"Subnational population estimates (Health regions and Health districts), by age and sex, at 30 June 1996-25 (2023 boundaries)",I,2021,2021,3,"Total people, sex",16,75-79 years,100,Northland,7530,
DATAFLOW,STATSNZ:POPES_SUB_002(1.0),"Subnational population estimates (Health regions and Health districts), by age and sex, at 30 June 1996-25 (2023 boundaries)",I,2024,2024,3,"Total people, sex",15,70-74 years,202,Bay of Plenty,13960,
DATAFLOW,STATSNZ:POPES_SUB_002(1.0),"Subnational population estimates (Health regions and Health districts), by age and sex, at 30 June 1996-25 (2023 boundaries)",I,2020,2020,3,"Total people, sex",4,65 years and over,202,Bay of Plenty,51600,
DATAFLOW,STATSNZ:POPES_SUB_002(1.0),"Subnational population estimates (Health regions and Health districts), by age and sex, at 30 June 1996-25 (2023 boundaries)",I,2021,2021,3,"Total people, sex",15,70-74 years,101,Waitematā,23560,
DATAFLOW,STATSNZ:POPES_SUB_002(1.0),"Subnational population estimates (Health regions and Health districts), by age and sex, at 30 June 1996-25 (2023 boundaries)",I,2020,2020,3,"Total people, sex",18,85-89 years,300,Hawke's Bay,2370,
DATAFLOW,STATSNZ:POPES_SUB_002(1.0),"Subnational population estimates (Health regions and Health districts), by age and sex, at 30 June 1996-25 (2023 boundaries)",I,2024,2024,3,"Total people, sex",4,65 years and over,301,Whanganui,14900,
DATAFLOW,STATSNZ:POPES_SUB_002(1.0),"Subnational population estimates (Health regions and Health districts), by age and sex, at 30 June 1996-25 (2023 boundaries)",I,2022,2022,3,"Total people, sex",16,75-79 years,301,Whanganui,2780,
DATAFLOW,STATSNZ:POPES_SUB_002(1.0),"Subnational population estimates (Health regions and Health districts), by age and sex, at 30 June 1996-25 (2023 boundaries)",I,2022,2022,3,"Total people, sex",16,75-79 years,403,South Canterbury,2640,
DATAFLOW,STATSNZ:POPES_SUB_002(1.0),"Subnational population estimates (Health regions and Health districts), by age and sex, at 30 June 1996-25 (2023 boundaries)",I,2021,2021,3,"Total people, sex",17,80-84 years,402,Canterbury,12190,
DATAFLOW,STATSNZ:POPES_SUB_002(1.0),"Subnational population estimates (Health regions and Health districts), by age and sex, at 30 June 1996-25 (2023 boundaries)",I,2022,2022,3,"Total people, sex",4,65 years and over,302,MidCentral,35300,
DATAFLOW,STATSNZ:POPES_SUB_002(1.0),"Subnational population estimates (Health regions and Health districts), by age and sex, at 30 June 1996-25 (2023 boundaries)",I,2022,2022,3,"Total people, sex",17,80-84 years,302,MidCentral,4780,
DATAFLOW,STATSNZ:POPES_SUB_002(1.0),"Subnational population estimates (Health regions and Health districts), by age and sex, at 30 June 1996-25 (2023 boundaries)",I,2023,2023,3,"Total people, sex",15,70-74 years,203,Tairāwhiti,2300,
DATAFLOW,STATSNZ:POPES_SUB_002(1.0),"Subnational population estimates (Health regions and Health districts), by age and sex, at 30 June 1996-25 (2023 boundaries)",I,2023,2023,3,"Total people, sex",16,75-79 years,304,Wairarapa,2440,
DATAFLOW,STATSNZ:POPES_SUB_002(1.0),"Subnational population estimates (Health regions and Health districts), by age and sex, at 30 June 1996-25 (2023 boundaries)",I,2021,2021,3,"Total people, sex",15,70-74 years,401,West Coast,2000,
DATAFLOW,STATSNZ:POPES_SUB_002(1.0),"Subnational population estimates (Health regions and Health districts), by age and sex, at 30 June 1996-25 (2023 boundaries)",I,2023,2023,3,"Total people, sex",14,65-69 years,303,"Capital, Coast and Hutt Valley",20890,
DATAFLOW,STATSNZ:POPES_SUB_002(1.0),"Subnational population estimates (Health regions and Health districts), by age and sex, at 30 June 1996-25 (2023 boundaries)",I,2024,2024,3,"Total people, sex",18,85-89 years,303,"Capital, Coast and Hutt Valley",5100,
DATAFLOW,STATSNZ:POPES_SUB_002(1.0),"Subnational population estimates (Health regions and Health districts), by age and sex, at 30 June 1996-25 (2023 boundaries)",I,2022,2022,3,"Total people, sex",14,65-69 years,300,Hawke's Bay,9980,
DATAFLOW,STATSNZ:POPES_SUB_002(1.0),"Subnational population estimates (Health regions and Health districts), by age and sex, at 30 June 1996-25 (2023 boundaries)",I,2024,2024,3,"Total people, sex",16,75-79 years,201,Lakes,4250,
DATAFLOW,STATSNZ:POPES_SUB_002(1.0),"Subnational population estimates (Health regions and Health districts), by age and sex, at 30 June 1996-25 (2023 boundaries)",I,2024,2024,3,"Total people, sex",14,65-69 years,402,Canterbury,31980,
DATAFLOW,STATSNZ:POPES_SUB_002(1.0),"Subnational population estimates (Health regions and Health districts), by age and sex, at 30 June 1996-25 (2023 boundaries)",I,2021,2021,3,"Total people, sex",17,80-84 years,101,Waitematā,11570,
DATAFLOW,STATSNZ:POPES_SUB_002(1.0),"Subnational population estimates (Health regions and Health districts), by age and sex, at 30 June 1996-25 (2023 boundaries)",I,2023,2023,3,"Total people, sex",4,65 years and over,100,Northland,42900,
DATAFLOW,STATSNZ:POPES_SUB_002(1.0),"Subnational population estimates (Health regions and Health districts), by age and sex, at 30 June 1996-25 (2023 boundaries)",I,2020,2020,3,"Total people, sex",18,85-89 years,203,Tairāwhiti,570,
DATAFLOW,STATSNZ:POPES_SUB_002(1.0),"Subnational population estimates (Health regions and Health districts), by age and sex, at 30 June 1996-25 (2023 boundaries)",I,2022,2022,3,"Total people, sex",17,80-84 years,204,Taranaki,2990,
DATAFLOW,STATSNZ:POPES_SUB_002(1.0),"Subnational population estimates (Health regions and Health districts), by age and sex, at 30 June 1996-25 (2023 boundaries)",I,2023,2023,3,"Total people, sex",18,85-89 years,202,Bay of Plenty,4070,
DATAFLOW,STATSNZ:POPES_SUB_002(1.0),"Subnational population estimates (Health regions and Health districts), by age and sex, at 30 June 1996-25 (2023 boundaries)",I,2023,2023,3,"Total people, sex",15,70-74 years,400,Nelson Marlborough,9860,
DATAFLOW,STATSNZ:POPES_SUB_002(1.0),"Subnational population estimates (Health regions and Health districts), by age and sex, at 30 June 1996-25 (2023 boundaries)",I,2020,2020,3,"Total people, sex",15,70-74 years,303,"Capital, Coast and Hutt Valley",17280,
DATAFLOW,STATSNZ:POPES_SUB_002(1.0),"Subnational population estimates (Health regions and Health districts), by age and sex, at 30 June 1996-25 (2023 boundaries)",I,2021,2021,3,"Total people, sex",4,65 years and over,402,Canterbury,95000,
DATAFLOW,STATSNZ:POPES_SUB_002(1.0),"Subnational population estimates (Health regions and Health districts), by age and sex, at 30 June 1996-25 (2023 boundaries)",I,2020,2020,3,"Total people, sex",17,80-84 years,304,Wairarapa,1280,
DATAFLOW,STATSNZ:POPES_SUB_002(1.0),"Subnational population estimates (Health regions and Health districts), by age and sex, at 30 June 1996-25 (2023 boundaries)",I,2024,2024,3,"Total people, sex",14,65-69 years,101,Waitematā,30320,
DATAFLOW,STATSNZ:POPES_SUB_002(1.0),"Subnational population estimates (Health regions and Health districts), by age and sex, at 30 June 1996-25 (2023 boundaries)",I,2022,2022,3,"Total people, sex",4,65 years and over,404,Southern,61100,
DATAFLOW,STATSNZ:POPES_SUB_002(1.0),"Subnational population estimates (Health regions and Health districts), by age and sex, at 30 June 1996-25 (2023 boundaries)",I,2022,2022,3,"Total people, sex",17,80-84 years,404,Southern,7880,
DATAFLOW,STATSNZ:POPES_SUB_002(1.0),"Subnational population estimates (Health regions and Health districts), by age and sex, at 30 June 1996-25 (2023 boundaries)",I,2022,2022,3,"Total people, sex",15,70-74 years,900,Area outside health district,20,
DATAFLOW,STATSNZ:POPES_SUB_002(1.0),"Subnational population estimates (Health regions and Health districts), by age and sex, at 30 June 1996-25 (2023 boundaries)",I,2022,2022,3,"Total people, sex",15,70-74 years,404,Southern,16130,
DATAFLOW,STATSNZ:POPES_SUB_002(1.0),"Subnational population estimates (Health regions and Health districts), by age and sex, at 30 June 1996-25 (2023 boundaries)",I,2020,2020,3,"Total people, sex",4,65 years and over,304,Wairarapa,10800,
DATAFLOW,STATSNZ:POPES_SUB_002(1.0),"Subnational population estimates (Health regions and Health districts), by age and sex, at 30 June 1996-25 (2023 boundaries)",I,2021,2021,3,"Total people, sex",4,65 years and over,201,Lakes,19500,
DATAFLOW,STATSNZ:POPES_SUB_002(1.0),"Subnational population estimates (Health regions and Health districts), by age and sex, at 30 June 1996-25 (2023 boundaries)",I,2024,2024,3,"Total people, sex",16,75-79 years,101,Waitematā,19630,
DATAFLOW,STATSNZ:POPES_SUB_002(1.0),"Subnational population estimates (Health regions and Health districts), by age and sex, at 30 June 1996-25 (2023 boundaries)",I,2024,2024,3,"Total people, sex",19,90 years and over,203,Tairāwhiti,340,
DATAFLOW,STATSNZ:POPES_SUB_002(1.0),"Subnational population estimates (Health regions and Health districts), by age and sex, at 30 June 1996-25 (2023 boundaries)",I,2020,2020,3,"Total people, sex",18,85-89 years,100,Northland,2350,
DATAFLOW,STATSNZ:POPES_SUB_002(1.0),"Subnational population estimates (Health regions and Health districts), by age and sex, at 30 June 1996-25 (2023 boundaries)",I,2020,2020,3,"Total people, sex",19,90 years and over,304,Wairarapa,420,
DATAFLOW,STATSNZ:POPES_SUB_002(1.0),"Subnational population estimates (Health regions and Health districts), by age and sex, at 30 June 1996-25 (2023 boundaries)",I,2020,2020,3,"Total people, sex",16,75-79 years,400,Nelson Marlborough,6610,
DATAFLOW,STATSNZ:POPES_SUB_002(1.0),"Subnational population estimates (Health regions and Health districts), by age and sex, at 30 June 1996-25 (2023 boundaries)",I,2020,2020,3,"Total people, sex",17,80-84 years,303,"Capital, Coast and Hutt Valley",8110,
DATAFLOW,STATSNZ:POPES_SUB_002(1.0),"Subnational population estimates (Health regions and Health districts), by age and sex, at 30 June 1996-25 (2023 boundaries)",I,2024,2024,3,"Total people, sex",14,65-69 years,401,West Coast,2690,
DATAFLOW,STATSNZ:POPES_SUB_002(1.0),"Subnational population estimates (Health regions and Health districts), by age and sex, at 30 June 1996-25 (2023 boundaries)",I,2023,2023,3,"Total people, sex",18,85-89 years,300,Hawke's Bay,2380,
DATAFLOW,STATSNZ:POPES_SUB_002(1.0),"Subnational population estimates (Health regions and Health districts), by age and sex, at 30 June 1996-25 (2023 boundaries)",I,2020,2020,3,"Total people, sex",16,75-79 years,203,Tairāwhiti,1410,
DATAFLOW,STATSNZ:POPES_SUB_002(1.0),"Subnational population estimates (Health regions and Health districts), by age and sex, at 30 June 1996-25 (2023 boundaries)",I,2020,2020,3,"Total people, sex",18,85-89 years,400,Nelson Marlborough,2300,
DATAFLOW,STATSNZ:POPES_SUB_002(1.0),"Subnational population estimates (Health regions and Health districts), by age and sex, at 30 June 1996-25 (2023 boundaries)",I,2022,2022,3,"Total people, sex",4,65 years and over,204,Taranaki,23900,
DATAFLOW,STATSNZ:POPES_SUB_002(1.0),"Subnational population estimates (Health regions and Health districts), by age and sex, at 30 June 1996-25 (2023 boundaries)",I,2023,2023,3,"Total people, sex",19,90 years and over,900,Area outside health district,0,
DATAFLOW,STATSNZ:POPES_SUB_002(1.0),"Subnational population estimates (Health regions and Health districts), by age and sex, at 30 June 1996-25 (2023 boundaries)",I,2024,2024,3,"Total people, sex",19,90 years and over,400,Nelson Marlborough,1380,
DATAFLOW,STATSNZ:POPES_SUB_002(1.0),"Subnational population estimates (Health regions and Health districts), by age and sex, at 30 June 1996-25 (2023 boundaries)",I,2021,2021,3,"Total people, sex",15,70-74 years,402,Canterbury,25320,
DATAFLOW,STATSNZ:POPES_SUB_002(1.0),"Subnational population estimates (Health regions and Health districts), by age and sex, at 30 June 1996-25 (2023 boundaries)",I,2022,2022,3,"Total people, sex",15,70-74 years,302,MidCentral,9330,
DATAFLOW,STATSNZ:POPES_SUB_002(1.0),"Subnational population estimates (Health regions and Health districts), by age and sex, at 30 June 1996-25 (2023 boundaries)",I,2023,2023,3,"Total people, sex",16,75-79 years,202,Bay of Plenty,11460,
DATAFLOW,STATSNZ:POPES_SUB_002(1.0),"Subnational population estimates (Health regions and Health districts), by age and sex, at 30 June 1996-25 (2023 boundaries)",I,2023,2023,3,"Total people, sex",18,85-89 years,304,Wairarapa,760,
DATAFLOW,STATSNZ:POPES_SUB_002(1.0),"Subnational population estimates (Health regions and Health districts), by age and sex, at 30 June 1996-25 (2023 boundaries)",I,2023,2023,3,"Total people, sex",4,65 years and over,900,Area outside health district,70,
DATAFLOW,STATSNZ:POPES_SUB_002(1.0),"Subnational population estimates (Health regions and Health districts), by age and sex, at 30 June 1996-25 (2023 boundaries)",I,2023,2023,3,"Total people, sex",17,80-84 years,900,Area outside health district,0,
DATAFLOW,STATSNZ:POPES_SUB_002(1.0),"Subnational population estimates (Health regions and Health districts), by age and sex, at 30 June 1996-25 (2023 boundaries)",I,2023,2023,3,"Total people, sex",19,90 years and over,404,Southern,2520,
DATAFLOW,STATSNZ:POPES_SUB_002(1.0),"Subnational population estimates (Health regions and Health districts), by age and sex, at 30 June 1996-25 (2023 boundaries)",I,2024,2024,3,"Total people, sex",19,90 years and over,100,Northland,1400,
DATAFLOW,STATSNZ:POPES_SUB_002(1.0),"Subnational population estimates (Health regions and Health districts), by age and sex, at 30 June 1996-25 (2023 boundaries)",I,2022,2022,3,"Total people, sex",19,90 years and over,302,MidCentral,1430,
DATAFLOW,STATSNZ:POPES_SUB_002(1.0),"Subnational population estimates (Health regions and Health districts), by age and sex, at 30 June 1996-25 (2023 boundaries)",I,2022,2022,3,"Total people, sex",19,90 years and over,200,Waikato,2910,
DATAFLOW,STATSNZ:POPES_SUB_002(1.0),"Subnational population estimates (Health regions and Health districts), by age and sex, at 30 June 1996-25 (2023 boundaries)",I,2022,2022,3,"Total people, sex",17,80-84 years,401,West Coast,840,
DATAFLOW,STATSNZ:POPES_SUB_002(1.0),"Subnational population estimates (Health regions and Health districts), by age and sex, at 30 June 1996-25 (2023 boundaries)",I,2024,2024,3,"Total people, sex",18,85-89 years,201,Lakes,1280,
DATAFLOW,STATSNZ:POPES_SUB_002(1.0),"Subnational population estimates (Health regions and Health districts), by age and sex, at 30 June 1996-25 (2023 boundaries)",I,2024,2024,3,"Total people, sex",15,70-74 years,103,Counties Manukau,19150,
DATAFLOW,STATSNZ:POPES_SUB_002(1.0),"Subnational population estimates (Health regions and Health districts), by age and sex, at 30 June 1996-25 (2023 boundaries)",I,2021,2021,3,"Total people, sex",14,65-69 years,103,Counties Manukau,22770,
DATAFLOW,STATSNZ:POPES_SUB_002(1.0),"Subnational population estimates (Health regions and Health districts), by age and sex, at 30 June 1996-25 (2023 boundaries)",I,2024,2024,3,"Total people, sex",18,85-89 years,101,Waitematā,7320,
DATAFLOW,STATSNZ:POPES_SUB_002(1.0),"Subnational population estimates (Health regions and Health districts), by age and sex, at 30 June 1996-25 (2023 boundaries)",I,2023,2023,3,"Total people, sex",14,65-69 years,304,Wairarapa,3540,
DATAFLOW,STATSNZ:POPES_SUB_002(1.0),"Subnational population estimates (Health regions and Health districts), by age and sex, at 30 June 1996-25 (2023 boundaries)",I,2021,2021,3,"Total people, sex",17,80-84 years,201,Lakes,2380,
DATAFLOW,STATSNZ:POPES_SUB_002(1.0),"Subnational population estimates (Health regions and Health districts), by age and sex, at 30 June 1996-25 (2023 boundaries)",I,2020,2020,3,"Total people, sex",4,65 years and over,303,"Capital, Coast and Hutt Valley",65500,
DATAFLOW,STATSNZ:POPES_SUB_002(1.0),"Subnational population estimates (Health regions and Health districts), by age and sex, at 30 June 1996-25 (2023 boundaries)",I,2020,2020,3,"Total people, sex",18,85-89 years,900,Area outside health district,0,
DATAFLOW,STATSNZ:POPES_SUB_002(1.0),"Subnational population estimates (Health regions and Health districts), by age and sex, at 30 June 1996-25 (2023 boundaries)",I,2020,2020,3,"Total people, sex",14,65-69 years,400,Nelson Marlborough,10600,
DATAFLOW,STATSNZ:POPES_SUB_002(1.0),"Subnational population estimates (Health regions and Health districts), by age and sex, at 30 June 1996-25 (2023 boundaries)",I,2021,2021,3,"Total people, sex",15,70-74 years,204,Taranaki,6130,
DATAFLOW,STATSNZ:POPES_SUB_002(1.0),"Subnational population estimates (Health regions and Health districts), by age and sex, at 30 June 1996-25 (2023 boundaries)",I,2020,2020,3,"Total people, sex",19,90 years and over,300,Hawke's Bay,1310,
DATAFLOW,STATSNZ:POPES_SUB_002(1.0),"Subnational population estimates (Health regions and Health districts), by age and sex, at 30 June 1996-25 (2023 boundaries)",I,2021,2021,3,"Total people, sex",19,90 years and over,201,Lakes,710,
DATAFLOW,STATSNZ:POPES_SUB_002(1.0),"Subnational population estimates (Health regions and Health districts), by age and sex, at 30 June 1996-25 (2023 boundaries)",I,2022,2022,3,"Total people, sex",18,85-89 years,300,Hawke's Bay,2360,
DATAFLOW,STATSNZ:POPES_SUB_002(1.0),"Subnational population estimates (Health regions and Health districts), by age and sex, at 30 June 1996-25 (2023 boundaries)",I,2022,2022,3,"Total people, sex",19,90 years and over,101,Waitematā,3960,
DATAFLOW,STATSNZ:POPES_SUB_002(1.0),"Subnational population estimates (Health regions and Health districts), by age and sex, at 30 June 1996-25 (2023 boundaries)",I,2022,2022,3,"Total people, sex",16,75-79 years,300,Hawke's Bay,6660,
DATAFLOW,STATSNZ:POPES_SUB_002(1.0),"Subnational population estimates (Health regions and Health districts), by age and sex, at 30 June 1996-25 (2023 boundaries)",I,2022,2022,3,"Total people, sex",19,90 years and over,404,Southern,2610,
DATAFLOW,STATSNZ:POPES_SUB_002(1.0),"Subnational population estimates (Health regions and Health districts), by age and sex, at 30 June 1996-25 (2023 boundaries)",I,2022,2022,3,"Total people, sex",17,80-84 years,900,Area outside health district,5,
DATAFLOW,STATSNZ:POPES_SUB_002(1.0),"Subnational population estimates (Health regions and Health districts), by age and sex, at 30 June 1996-25 (2023 boundaries)",I,2020,2020,3,"Total people, sex",15,70-74 years,402,Canterbury,24380,
DATAFLOW,STATSNZ:POPES_SUB_002(1.0),"Subnational population estimates (Health regions and Health districts), by age and sex, at 30 June 1996-25 (2023 boundaries)",I,2022,2022,3,"Total people, sex",18,85-89 years,102,Auckland,4300,
DATAFLOW,STATSNZ:POPES_SUB_002(1.0),"Subnational population estimates (Health regions and Health districts), by age and sex, at 30 June 1996-25 (2023 boundaries)",I,2023,2023,3,"Total people, sex",18,85-89 years,301,Whanganui,1030,
DATAFLOW,STATSNZ:POPES_SUB_002(1.0),"Subnational population estimates (Health regions and Health districts), by age and sex, at 30 June 1996-25 (2023 boundaries)",I,2022,2022,3,"Total people, sex",14,65-69 years,102,Auckland,19880,
DATAFLOW,STATSNZ:POPES_SUB_002(1.0),"Subnational population estimates (Health regions and Health districts), by age and sex, at 30 June 1996-25 (2023 boundaries)",I,2022,2022,3,"Total people, sex",17,80-84 years,200,Waikato,9780,
DATAFLOW,STATSNZ:POPES_SUB_002(1.0),"Subnational population estimates (Health regions and Health districts), by age and sex, at 30 June 1996-25 (2023 boundaries)",I,2022,2022,3,"Total people, sex",4,65 years and over,200,Waikato,75300,
DATAFLOW,STATSNZ:POPES_SUB_002(1.0),"Subnational population estimates (Health regions and Health districts), by age and sex, at 30 June 1996-25 (2023 boundaries)",I,2021,2021,3,"Total people, sex",16,75-79 years,103,Counties Manukau,12220,
DATAFLOW,STATSNZ:POPES_SUB_002(1.0),"Subnational population estimates (Health regions and Health districts), by age and sex, at 30 June 1996-25 (2023 boundaries)",I,2021,2021,3,"Total people, sex",18,85-89 years,103,Counties Manukau,4190,
DATAFLOW,STATSNZ:POPES_SUB_002(1.0),"Subnational population estimates (Health regions and Health districts), by age and sex, at 30 June 1996-25 (2023 boundaries)",I,2022,2022,3,"Total people, sex",19,90 years and over,401,West Coast,220,
DATAFLOW,STATSNZ:POPES_SUB_002(1.0),"Subnational population estimates (Health regions and Health districts), by age and sex, at 30 June 1996-25 (2023 boundaries)",I,2024,2024,3,"Total people, sex",14,65-69 years,201,Lakes,6520,
DATAFLOW,STATSNZ:POPES_SUB_002(1.0),"Subnational population estimates (Health regions and Health districts), by age and sex, at 30 June 1996-25 (2023 boundaries)",I,2023,2023,3,"Total people, sex",4,65 years and over,404,Southern,62600,
DATAFLOW,STATSNZ:POPES_SUB_002(1.0),"Subnational population estimates (Health regions and Health districts), by age and sex, at 30 June 1996-25 (2023 boundaries)",I,2022,2022,3,"Total people, sex",16,75-79 years,102,Auckland,10980,
DATAFLOW,STATSNZ:POPES_SUB_002(1.0),"Subnational population estimates (Health regions and Health districts), by age and sex, at 30 June 1996-25 (2023 boundaries)",I,2022,2022,3,"Total people, sex",15,70-74 years,200,Waikato,19820,
DATAFLOW,STATSNZ:POPES_SUB_002(1.0),"Subnational population estimates (Health regions and Health districts), by age and sex, at 30 June 1996-25 (2023 boundaries)",I,2023,2023,3,"Total people, sex",4,65 years and over,200,Waikato,77200,
DATAFLOW,STATSNZ:POPES_SUB_002(1.0),"Subnational population estimates (Health regions and Health districts), by age and sex, at 30 June 1996-25 (2023 boundaries)",I,2021,2021,3,"Total people, sex",18,85-89 years,203,Tairāwhiti,540,
DATAFLOW,STATSNZ:POPES_SUB_002(1.0),"Subnational population estimates (Health regions and Health districts), by age and sex, at 30 June 1996-25 (2023 boundaries)",I,2023,2023,3,"Total people, sex",19,90 years and over,400,Nelson Marlborough,1350,
DATAFLOW,STATSNZ:POPES_SUB_002(1.0),"Subnational population estimates (Health regions and Health districts), by age and sex, at 30 June 1996-25 (2023 boundaries)",I,2023,2023,3,"Total people, sex",17,80-84 years,200,Waikato,9920,
DATAFLOW,STATSNZ:POPES_SUB_002(1.0),"Subnational population estimates (Health regions and Health districts), by age and sex, at 30 June 1996-25 (2023 boundaries)",I,2023,2023,3,"Total people, sex",17,80-84 years,302,MidCentral,4820,
DATAFLOW,STATSNZ:POPES_SUB_002(1.0),"Subnational population estimates (Health regions and Health districts), by age and sex, at 30 June 1996-25 (2023 boundaries)",I,2023,2023,3,"Total people, sex",17,80-84 years,404,Southern,7890,
DATAFLOW,STATSNZ:POPES_SUB_002(1.0),"Subnational population estimates (Health regions and Health districts), by age and sex, at 30 June 1996-25 (2023 boundaries)",I,2023,2023,3,"Total people, sex",15,70-74 years,900,Area outside health district,25,
DATAFLOW,STATSNZ:POPES_SUB_002(1.0),"Subnational population estimates (Health regions and Health districts), by age and sex, at 30 June 1996-25 (2023 boundaries)",I,2024,2024,3,"Total people, sex",15,70-74 years,400,Nelson Marlborough,9940,
DATAFLOW,STATSNZ:POPES_SUB_002(1.0),"Subnational population estimates (Health regions and Health districts), by age and sex, at 30 June 1996-25 (2023 boundaries)",I,2020,2020,3,"Total people, sex",14,65-69 years,100,Northland,12440,
DATAFLOW,STATSNZ:POPES_SUB_002(1.0),"Subnational population estimates (Health regions and Health districts), by age and sex, at 30 June 1996-25 (2023 boundaries)",I,2020,2020,3,"Total people, sex",4,65 years and over,402,Canterbury,91400,
DATAFLOW,STATSNZ:POPES_SUB_002(1.0),"Subnational population estimates (Health regions and Health districts), by age and sex, at 30 June 1996-25 (2023 boundaries)",I,2023,2023,3,"Total people, sex",19,90 years and over,203,Tairāwhiti,330,
DATAFLOW,STATSNZ:POPES_SUB_002(1.0),"Subnational population estimates (Health regions and Health districts), by age and sex, at 30 June 1996-25 (2023 boundaries)",I,2024,2024,3,"Total people, sex",18,85-89 years,202,Bay of Plenty,4310,
DATAFLOW,STATSNZ:POPES_SUB_002(1.0),"Subnational population estimates (Health regions and Health districts), by age and sex, at 30 June 1996-25 (2023 boundaries)",I,2020,2020,3,"Total people, sex",17,80-84 years,101,Waitematā,10930,
DATAFLOW,STATSNZ:POPES_SUB_002(1.0),"Subnational population estimates (Health regions and Health districts), by age and sex, at 30 June 1996-25 (2023 boundaries)",I,2022,2022,3,"Total people, sex",15,70-74 years,400,Nelson Marlborough,10030,
DATAFLOW,STATSNZ:POPES_SUB_002(1.0),"Subnational population estimates (Health regions and Health districts), by age and sex, at 30 June 1996-25 (2023 boundaries)",I,2022,2022,3,"Total people, sex",17,80-84 years,101,Waitematā,12190,
DATAFLOW,STATSNZ:POPES_SUB_002(1.0),"Subnational population estimates (Health regions and Health districts), by age and sex, at 30 June 1996-25 (2023 boundaries)",I,2020,2020,3,"Total people, sex",16,75-79 years,103,Counties Manukau,11970,
DATAFLOW,STATSNZ:POPES_SUB_002(1.0),"Subnational population estimates (Health regions and Health districts), by age and sex, at 30 June 1996-25 (2023 boundaries)",I,2022,2022,3,"Total people, sex",4,65 years and over,101,Waitematā,92200,
DATAFLOW,STATSNZ:POPES_SUB_002(1.0),"Subnational population estimates (Health regions and Health districts), by age and sex, at 30 June 1996-25 (2023 boundaries)",I,2023,2023,3,"Total people, sex",16,75-79 years,201,Lakes,4040,
DATAFLOW,STATSNZ:POPES_SUB_002(1.0),"Subnational population estimates (Health regions and Health districts), by age and sex, at 30 June 1996-25 (2023 boundaries)",I,2020,2020,3,"Total people, sex",15,70-74 years,304,Wairarapa,3030,
DATAFLOW,STATSNZ:POPES_SUB_002(1.0),"Subnational population estimates (Health regions and Health districts), by age and sex, at 30 June 1996-25 (2023 boundaries)",I,2023,2023,3,"Total people, sex",19,90 years and over,401,West Coast,210,
DATAFLOW,STATSNZ:POPES_SUB_002(1.0),"Subnational population estimates (Health regions and Health districts), by age and sex, at 30 June 1996-25 (2023 boundaries)",I,2022,2022,3,"Total people, sex",15,70-74 years,100,Northland,11530,
DATAFLOW,STATSNZ:POPES_SUB_002(1.0),"Subnational population estimates (Health regions and Health districts), by age and sex, at 30 June 1996-25 (2023 boundaries)",I,2022,2022,3,"Total people, sex",16,75-79 years,304,Wairarapa,2240,
DATAFLOW,STATSNZ:POPES_SUB_002(1.0),"Subnational population estimates (Health regions and Health districts), by age and sex, at 30 June 1996-25 (2023 boundaries)",I,2022,2022,3,"Total people, sex",4,65 years and over,900,Area outside health district,70,
DATAFLOW,STATSNZ:POPES_SUB_002(1.0),"Subnational population estimates (Health regions and Health districts), by age and sex, at 30 June 1996-25 (2023 boundaries)",I,2020,2020,3,"Total people, sex",14,65-69 years,203,Tairāwhiti,2740,
DATAFLOW,STATSNZ:POPES_SUB_002(1.0),"Subnational population estimates (Health regions and Health districts), by age and sex, at 30 June 1996-25 (2023 boundaries)",I,2021,2021,3,"Total people, sex",14,65-69 years,403,South Canterbury,3950,
DATAFLOW,STATSNZ:POPES_SUB_002(1.0),"Subnational population estimates (Health regions and Health districts), by age and sex, at 30 June 1996-25 (2023 boundaries)",I,2023,2023,3,"Total people, sex",18,85-89 years,403,South Canterbury,1020,
DATAFLOW,STATSNZ:POPES_SUB_002(1.0),"Subnational population estimates (Health regions and Health districts), by age and sex, at 30 June 1996-25 (2023 boundaries)",I,2021,2021,3,"Total people, sex",15,70-74 years,201,Lakes,5470,
DATAFLOW,STATSNZ:POPES_SUB_002(1.0),"Subnational population estimates (Health regions and Health districts), by age and sex, at 30 June 1996-25 (2023 boundaries)",I,2021,2021,3,"Total people, sex",14,65-69 years,301,Whanganui,4250,
DATAFLOW,STATSNZ:POPES_SUB_002(1.0),"Subnational population estimates (Health regions and Health districts), by age and sex, at 30 June 1996-25 (2023 boundaries)",I,2024,2024,3,"Total people, sex",15,70-74 years,203,Tairāwhiti,2400,
DATAFLOW,STATSNZ:POPES_SUB_002(1.0),"Subnational population estimates (Health regions and Health districts), by age and sex, at 30 June 1996-25 (2023 boundaries)",I,2020,2020,3,"Total people, sex",19,90 years and over,201,Lakes,680,
DATAFLOW,STATSNZ:POPES_SUB_002(1.0),"Subnational population estimates (Health regions and Health districts), by age and sex, at 30 June 1996-25 (2023 boundaries)",I,2021,2021,3,"Total people, sex",16,75-79 years,102,Auckland,10560,
DATAFLOW,STATSNZ:POPES_SUB_002(1.0),"Subnational population estimates (Health regions and Health districts), by age and sex, at 30 June 1996-25 (2023 boundaries)",I,2022,2022,3,"Total people, sex",15,70-74 years,203,Tairāwhiti,2280,
DATAFLOW,STATSNZ:POPES_SUB_002(1.0),"Subnational population estimates (Health regions and Health districts), by age and sex, at 30 June 1996-25 (2023 boundaries)",I,2024,2024,3,"Total people, sex",19,90 years and over,103,Counties Manukau,2380,
DATAFLOW,STATSNZ:POPES_SUB_002(1.0),"Subnational population estimates (Health regions and Health districts), by age and sex, at 30 June 1996-25 (2023 boundaries)",I,2024,2024,3,"Total people, sex",18,85-89 years,304,Wairarapa,800,
DATAFLOW,STATSNZ:POPES_SUB_002(1.0),"Subnational population estimates (Health regions and Health districts), by age and sex, at 30 June 1996-25 (2023 boundaries)",I,2022,2022,3,"Total people, sex",4,65 years and over,401,West Coast,7400,
DATAFLOW,STATSNZ:POPES_SUB_002(1.0),"Subnational population estimates (Health regions and Health districts), by age and sex, at 30 June 1996-25 (2023 boundaries)",I,2022,2022,3,"Total people, sex",18,85-89 years,103,Counties Manukau,4350,
DATAFLOW,STATSNZ:POPES_SUB_002(1.0),"Subnational population estimates (Health regions and Health districts), by age and sex, at 30 June 1996-25 (2023 boundaries)",I,2020,2020,3,"Total people, sex",4,65 years and over,101,Waitematā,88000,
DATAFLOW,STATSNZ:POPES_SUB_002(1.0),"Subnational population estimates (Health regions and Health districts), by age and sex, at 30 June 1996-25 (2023 boundaries)",I,2020,2020,3,"Total people, sex",19,90 years and over,303,"Capital, Coast and Hutt Valley",2850,
DATAFLOW,STATSNZ:POPES_SUB_002(1.0),"Subnational population estimates (Health regions and Health districts), by age and sex, at 30 June 1996-25 (2023 boundaries)",I,2021,2021,3,"Total people, sex",15,70-74 years,200,Waikato,19740,
DATAFLOW,STATSNZ:POPES_SUB_002(1.0),"Subnational population estimates (Health regions and Health districts), by age and sex, at 30 June 1996-25 (2023 boundaries)",I,2022,2022,3,"Total people, sex",18,85-89 years,301,Whanganui,1010,
DATAFLOW,STATSNZ:POPES_SUB_002(1.0),"Subnational population estimates (Health regions and Health districts), by age and sex, at 30 June 1996-25 (2023 boundaries)",I,2023,2023,3,"Total people, sex",14,65-69 years,401,West Coast,2580,
DATAFLOW,STATSNZ:POPES_SUB_002(1.0),"Subnational population estimates (Health regions and Health districts), by age and sex, at 30 June 1996-25 (2023 boundaries)",I,2020,2020,3,"Total people, sex",15,70-74 years,201,Lakes,5320,
DATAFLOW,STATSNZ:POPES_SUB_002(1.0),"Subnational population estimates (Health regions and Health districts), by age and sex, at 30 June 1996-25 (2023 boundaries)",I,2021,2021,3,"Total people, sex",17,80-84 years,401,West Coast,800,
DATAFLOW,STATSNZ:POPES_SUB_002(1.0),"Subnational population estimates (Health regions and Health districts), by age and sex, at 30 June 1996-25 (2023 boundaries)",I,2024,2024,3,"Total people, sex",15,70-74 years,100,Northland,11700,
DATAFLOW,STATSNZ:POPES_SUB_002(1.0),"Subnational population estimates (Health regions and Health districts), by age and sex, at 30 June 1996-25 (2023 boundaries)",I,2024,2024,3,"Total people, sex",18,85-89 years,300,Hawke's Bay,2440,
DATAFLOW,STATSNZ:POPES_SUB_002(1.0),"Subnational population estimates (Health regions and Health districts), by age and sex, at 30 June 1996-25 (2023 boundaries)",I,2021,2021,3,"Total people, sex",4,65 years and over,401,West Coast,7100,
DATAFLOW,STATSNZ:POPES_SUB_002(1.0),"Subnational population estimates (Health regions and Health districts), by age and sex, at 30 June 1996-25 (2023 boundaries)",I,2022,2022,3,"Total people, sex",18,85-89 years,403,South Canterbury,1010,
DATAFLOW,STATSNZ:POPES_SUB_002(1.0),"Subnational population estimates (Health regions and Health districts), by age and sex, at 30 June 1996-25 (2023 boundaries)",I,2022,2022,3,"Total people, sex",19,90 years and over,204,Taranaki,1100,
DATAFLOW,STATSNZ:POPES_SUB_002(1.0),"Subnational population estimates (Health regions and Health districts), by age and sex, at 30 June 1996-25 (2023 boundaries)",I,2023,2023,3,"Total people, sex",15,70-74 years,204,Taranaki,6200,
DATAFLOW,STATSNZ:POPES_SUB_002(1.0),"Subnational population estimates (Health regions and Health districts), by age and sex, at 30 June 1996-25 (2023 boundaries)",I,2020,2020,3,"Total people, sex",4,65 years and over,301,Whanganui,13600,
DATAFLOW,STATSNZ:POPES_SUB_002(1.0),"Subnational population estimates (Health regions and Health districts), by age and sex, at 30 June 1996-25 (2023 boundaries)",I,2021,2021,3,"Total people, sex",19,90 years and over,402,Canterbury,4310,
DATAFLOW,STATSNZ:POPES_SUB_002(1.0),"Subnational population estimates (Health regions and Health districts), by age and sex, at 30 June 1996-25 (2023 boundaries)",I,2020,2020,3,"Total people, sex",17,80-84 years,403,South Canterbury,1720,
DATAFLOW,STATSNZ:POPES_SUB_002(1.0),"Subnational population estimates (Health regions and Health districts), by age and sex, at 30 June 1996-25 (2023 boundaries)",I,2022,2022,3,"Total people, sex",15,70-74 years,204,Taranaki,6170,
DATAFLOW,STATSNZ:POPES_SUB_002(1.0),"Subnational population estimates (Health regions and Health districts), by age and sex, at 30 June 1996-25 (2023 boundaries)",I,2022,2022,3,"Total people, sex",14,65-69 years,403,South Canterbury,3950,
DATAFLOW,STATSNZ:POPES_SUB_002(1.0),"Subnational population estimates (Health regions and Health districts), by age and sex, at 30 June 1996-25 (2023 boundaries)",I,2023,2023,3,"Total people, sex",19,90 years and over,204,Taranaki,1090,
DATAFLOW,STATSNZ:POPES_SUB_002(1.0),"Subnational population estimates (Health regions and Health districts), by age and sex, at 30 June 1996-25 (2023 boundaries)",I,2024,2024,3,"Total people, sex",16,75-79 years,204,Taranaki,5100,
DATAFLOW,STATSNZ:POPES_SUB_002(1.0),"Subnational population estimates (Health regions and Health districts), by age and sex, at 30 June 1996-25 (2023 boundaries)",I,2020,2020,3,"Total people, sex",4,65 years and over,403,South Canterbury,13300,
DATAFLOW,STATSNZ:POPES_SUB_002(1.0),"Subnational population estimates (Health regions and Health districts), by age and sex, at 30 June 1996-25 (2023 boundaries)",I,2024,2024,3,"Total people, sex",15,70-74 years,301,Whanganui,3860,
DATAFLOW,STATSNZ:POPES_SUB_002(1.0),"Subnational population estimates (Health regions and Health districts), by age and sex, at 30 June 1996-25 (2023 boundaries)",I,2023,2023,3,"Total people, sex",18,85-89 years,102,Auckland,4570,
DATAFLOW,STATSNZ:POPES_SUB_002(1.0),"Subnational population estimates (Health regions and Health districts), by age and sex, at 30 June 1996-25 (2023 boundaries)",I,2022,2022,3,"Total people, sex",14,65-69 years,301,Whanganui,4360,
DATAFLOW,STATSNZ:POPES_SUB_002(1.0),"Subnational population estimates (Health regions and Health districts), by age and sex, at 30 June 1996-25 (2023 boundaries)",I,2020,2020,3,"Total people, sex",17,80-84 years,301,Whanganui,1730,
DATAFLOW,STATSNZ:POPES_SUB_002(1.0),"Subnational population estimates (Health regions and Health districts), by age and sex, at 30 June 1996-25 (2023 boundaries)",I,2024,2024,3,"Total people, sex",15,70-74 years,403,South Canterbury,3650,
DATAFLOW,STATSNZ:POPES_SUB_002(1.0),"Subnational population estimates (Health regions and Health districts), by age and sex, at 30 June 1996-25 (2023 boundaries)",I,2024,2024,3,"Total people, sex",18,85-89 years,102,Auckland,4890,
DATAFLOW,STATSNZ:POPES_SUB_002(1.0),"Subnational population estimates (Health regions and Health districts), by age and sex, at 30 June 1996-25 (2023 boundaries)",I,2021,2021,3,"Total people, sex",16,75-79 years,300,Hawke's Bay,6290,
DATAFLOW,STATSNZ:POPES_SUB_002(1.0),"Subnational population estimates (Health regions and Health districts), by age and sex, at 30 June 1996-25 (2023 boundaries)",I,2021,2021,3,"Total people, sex",19,90 years and over,302,MidCentral,1430,
DATAFLOW,STATSNZ:POPES_SUB_002(1.0),"Subnational population estimates (Health regions and Health districts), by age and sex, at 30 June 1996-25 (2023 boundaries)",I,2022,2022,3,"Total people, sex",15,70-74 years,402,Canterbury,25510,
DATAFLOW,STATSNZ:POPES_SUB_002(1.0),"Subnational population estimates (Health regions and Health districts), by age and sex, at 30 June 1996-25 (2023 boundaries)",I,2020,2020,3,"Total people, sex",19,90 years and over,202,Bay of Plenty,2180,
DATAFLOW,STATSNZ:POPES_SUB_002(1.0),"Subnational population estimates (Health regions and Health districts), by age and sex, at 30 June 1996-25 (2023 boundaries)",I,2023,2023,3,"Total people, sex",14,65-69 years,403,South Canterbury,3950,
DATAFLOW,STATSNZ:POPES_SUB_002(1.0),"Subnational population estimates (Health regions and Health districts), by age and sex, at 30 June 1996-25 (2023 boundaries)",I,2023,2023,3,"Total people, sex",19,90 years and over,100,Northland,1360,
DATAFLOW,STATSNZ:POPES_SUB_002(1.0),"Subnational population estimates (Health regions and Health districts), by age and sex, at 30 June 1996-25 (2023 boundaries)",I,2021,2021,3,"Total people, sex",15,70-74 years,303,"Capital, Coast and Hutt Valley",17550,
DATAFLOW,STATSNZ:POPES_SUB_002(1.0),"Subnational population estimates (Health regions and Health districts), by age and sex, at 30 June 1996-25 (2023 boundaries)",I,2020,2020,3,"Total people, sex",18,85-89 years,204,Taranaki,1680,
DATAFLOW,STATSNZ:POPES_SUB_002(1.0),"Subnational population estimates (Health regions and Health districts), by age and sex, at 30 June 1996-25 (2023 boundaries)",I,2023,2023,3,"Total people, sex",16,75-79 years,303,"Capital, Coast and Hutt Valley",13750,
DATAFLOW,STATSNZ:POPES_SUB_002(1.0),"Subnational population estimates (Health regions and Health districts), by age and sex, at 30 June 1996-25 (2023 boundaries)",I,2024,2024,3,"Total people, sex",16,75-79 years,303,"Capital, Coast and Hutt Valley",14360,
DATAFLOW,STATSNZ:POPES_SUB_002(1.0),"Subnational population estimates (Health regions and Health districts), by age and sex, at 30 June 1996-25 (2023 boundaries)",I,2023,2023,3,"Total people, sex",18,85-89 years,103,Counties Manukau,4630,
DATAFLOW,STATSNZ:POPES_SUB_002(1.0),"Subnational population estimates (Health regions and Health districts), by age and sex, at 30 June 1996-25 (2023 boundaries)",I,2020,2020,3,"Total people, sex",15,70-74 years,202,Bay of Plenty,13870,
DATAFLOW,STATSNZ:POPES_SUB_002(1.0),"Subnational population estimates (Health regions and Health districts), by age and sex, at 30 June 1996-25 (2023 boundaries)",I,2021,2021,3,"Total people, sex",18,85-89 years,301,Whanganui,980,
DATAFLOW,STATSNZ:POPES_SUB_002(1.0),"Subnational population estimates (Health regions and Health districts), by age and sex, at 30 June 1996-25 (2023 boundaries)",I,2020,2020,3,"Total people, sex",17,80-84 years,401,West Coast,770,
DATAFLOW,STATSNZ:POPES_SUB_002(1.0),"Subnational population estimates (Health regions and Health districts), by age and sex, at 30 June 1996-25 (2023 boundaries)",I,2021,2021,3,"Total people, sex",4,65 years and over,900,Area outside health district,50,
DATAFLOW,STATSNZ:POPES_SUB_002(1.0),"Subnational population estimates (Health regions and Health districts), by age and sex, at 30 June 1996-25 (2023 boundaries)",I,2022,2022,3,"Total people, sex",19,90 years and over,402,Canterbury,4290,
DATAFLOW,STATSNZ:POPES_SUB_002(1.0),"Subnational population estimates (Health regions and Health districts), by age and sex, at 30 June 1996-25 (2023 boundaries)",I,2024,2024,3,"Total people, sex",16,75-79 years,402,Canterbury,21440,
DATAFLOW,STATSNZ:POPES_SUB_002(1.0),"Subnational population estimates (Health regions and Health districts), by age and sex, at 30 June 1996-25 (2023 boundaries)",I,2023,2023,3,"Total people, sex",15,70-74 years,100,Northland,11540,
DATAFLOW,STATSNZ:POPES_SUB_002(1.0),"Subnational population estimates (Health regions and Health districts), by age and sex, at 30 June 1996-25 (2023 boundaries)",I,2021,2021,3,"Total people, sex",18,85-89 years,100,Northland,2460,
DATAFLOW,STATSNZ:POPES_SUB_002(1.0),"Subnational population estimates (Health regions and Health districts), by age and sex, at 30 June 1996-25 (2023 boundaries)",I,2021,2021,3,"Total people, sex",15,70-74 years,302,MidCentral,9330,
DATAFLOW,STATSNZ:POPES_SUB_002(1.0),"Subnational population estimates (Health regions and Health districts), by age and sex, at 30 June 1996-25 (2023 boundaries)",I,2023,2023,3,"Total people, sex",14,65-69 years,101,Waitematā,29400,
DATAFLOW,STATSNZ:POPES_SUB_002(1.0),"Subnational population estimates (Health regions and Health districts), by age and sex, at 30 June 1996-25 (2023 boundaries)",I,2021,2021,3,"Total people, sex",4,65 years and over,101,Waitematā,90300,
DATAFLOW,STATSNZ:POPES_SUB_002(1.0),"Subnational population estimates (Health regions and Health districts), by age and sex, at 30 June 1996-25 (2023 boundaries)",I,2021,2021,3,"Total people, sex",15,70-74 years,404,Southern,16040,
DATAFLOW,STATSNZ:POPES_SUB_002(1.0),"Subnational population estimates (Health regions and Health districts), by age and sex, at 30 June 1996-25 (2023 boundaries)",I,2024,2024,3,"Total people, sex",19,90 years and over,900,Area outside health district,0,
DATAFLOW,STATSNZ:POPES_SUB_002(1.0),"Subnational population estimates (Health regions and Health districts), by age and sex, at 30 June 1996-25 (2023 boundaries)",I,2022,2022,3,"Total people, sex",16,75-79 years,202,Bay of Plenty,10800,
DATAFLOW,STATSNZ:POPES_SUB_002(1.0),"Subnational population estimates (Health regions and Health districts), by age and sex, at 30 June 1996-25 (2023 boundaries)",I,2021,2021,3,"Total people, sex",18,85-89 years,400,Nelson Marlborough,2380,
DATAFLOW,STATSNZ:POPES_SUB_002(1.0),"Subnational population estimates (Health regions and Health districts), by age and sex, at 30 June 1996-25 (2023 boundaries)",I,2021,2021,3,"Total people, sex",19,90 years and over,303,"Capital, Coast and Hutt Valley",2970,
DATAFLOW,STATSNZ:POPES_SUB_002(1.0),"Subnational population estimates (Health regions and Health districts), by age and sex, at 30 June 1996-25 (2023 boundaries)",I,2024,2024,3,"Total people, sex",16,75-79 years,300,Hawke's Bay,7360,
DATAFLOW,STATSNZ:POPES_SUB_002(1.0),"Subnational population estimates (Health regions and Health districts), by age and sex, at 30 June 1996-25 (2023 boundaries)",I,2023,2023,3,"Total people, sex",16,75-79 years,401,West Coast,1490,
DATAFLOW,STATSNZ:POPES_SUB_002(1.0),"Subnational population estimates (Health regions and Health districts), by age and sex, at 30 June 1996-25 (2023 boundaries)",I,2023,2023,3,"Total people, sex",19,90 years and over,201,Lakes,700,
DATAFLOW,STATSNZ:POPES_SUB_002(1.0),"Subnational population estimates (Health regions and Health districts), by age and sex, at 30 June 1996-25 (2023 boundaries)",I,2021,2021,3,"Total people, sex",4,65 years and over,202,Bay of Plenty,53000,
DATAFLOW,STATSNZ:POPES_SUB_002(1.0),"Subnational population estimates (Health regions and Health districts), by age and sex, at 30 June 1996-25 (2023 boundaries)",I,2022,2022,3,"Total people, sex",4,65 years and over,303,"Capital, Coast and Hutt Valley",67800,
DATAFLOW,STATSNZ:POPES_SUB_002(1.0),"Subnational population estimates (Health regions and Health districts), by age and sex, at 30 June 1996-25 (2023 boundaries)",I,2024,2024,3,"Total people, sex",17,80-84 years,404,Southern,8110,
DATAFLOW,STATSNZ:POPES_SUB_002(1.0),"Subnational population estimates (Health regions and Health districts), by age and sex, at 30 June 1996-25 (2023 boundaries)",I,2022,2022,3,"Total people, sex",19,90 years and over,304,Wairarapa,430,
DATAFLOW,STATSNZ:POPES_SUB_002(1.0),"Subnational population estimates (Health regions and Health districts), by age and sex, at 30 June 1996-25 (2023 boundaries)",I,2021,2021,3,"Total people, sex",15,70-74 years,100,Northland,11350,
DATAFLOW,STATSNZ:POPES_SUB_002(1.0),"Subnational population estimates (Health regions and Health districts), by age and sex, at 30 June 1996-25 (2023 boundaries)",I,2020,2020,3,"Total people, sex",15,70-74 years,204,Taranaki,5920,
DATAFLOW,STATSNZ:POPES_SUB_002(1.0),"Subnational population estimates (Health regions and Health districts), by age and sex, at 30 June 1996-25 (2023 boundaries)",I,2020,2020,3,"Total people, sex",15,70-74 years,404,Southern,15600,
DATAFLOW,STATSNZ:POPES_SUB_002(1.0),"Subnational population estimates (Health regions and Health districts), by age and sex, at 30 June 1996-25 (2023 boundaries)",I,2020,2020,3,"Total people, sex",14,65-69 years,102,Auckland,19850,
DATAFLOW,STATSNZ:POPES_SUB_002(1.0),"Subnational population estimates (Health regions and Health districts), by age and sex, at 30 June 1996-25 (2023 boundaries)",I,2024,2024,3,"Total people, sex",15,70-74 years,900,Area outside health district,25,
DATAFLOW,STATSNZ:POPES_SUB_002(1.0),"Subnational population estimates (Health regions and Health districts), by age and sex, at 30 June 1996-25 (2023 boundaries)",I,2020,2020,3,"Total people, sex",18,85-89 years,401,West Coast,400,
DATAFLOW,STATSNZ:POPES_SUB_002(1.0),"Subnational population estimates (Health regions and Health districts), by age and sex, at 30 June 1996-25 (2023 boundaries)",I,2021,2021,3,"Total people, sex",15,70-74 years,304,Wairarapa,3130,
DATAFLOW,STATSNZ:POPES_SUB_002(1.0),"Subnational population estimates (Health regions and Health districts), by age and sex, at 30 June 1996-25 (2023 boundaries)",I,2020,2020,3,"Total people, sex",15,70-74 years,301,Whanganui,3690,
DATAFLOW,STATSNZ:POPES_SUB_002(1.0),"Subnational population estimates (Health regions and Health districts), by age and sex, at 30 June 1996-25 (2023 boundaries)",I,2021,2021,3,"Total people, sex",19,90 years and over,403,South Canterbury,580,
DATAFLOW,STATSNZ:POPES_SUB_002(1.0),"Subnational population estimates (Health regions and Health districts), by age and sex, at 30 June 1996-25 (2023 boundaries)",I,2023,2023,3,"Total people, sex",19,90 years and over,101,Waitematā,4090,
DATAFLOW,STATSNZ:POPES_SUB_002(1.0),"Subnational population estimates (Health regions and Health districts), by age and sex, at 30 June 1996-25 (2023 boundaries)",I,2024,2024,3,"Total people, sex",19,90 years and over,302,MidCentral,1400,
DATAFLOW,STATSNZ:POPES_SUB_002(1.0),"Subnational population estimates (Health regions and Health districts), by age and sex, at 30 June 1996-25 (2023 boundaries)",I,2021,2021,3,"Total people, sex",18,85-89 years,102,Auckland,4200,
DATAFLOW,STATSNZ:POPES_SUB_002(1.0),"Subnational population estimates (Health regions and Health districts), by age and sex, at 30 June 1996-25 (2023 boundaries)",I,2024,2024,3,"Total people, sex",4,65 years and over,102,Auckland,66300,
DATAFLOW,STATSNZ:POPES_SUB_002(1.0),"Subnational population estimates (Health regions and Health districts), by age and sex, at 30 June 1996-25 (2023 boundaries)",I,2020,2020,3,"Total people, sex",14,65-69 years,300,Hawke's Bay,9900,
DATAFLOW,STATSNZ:POPES_SUB_002(1.0),"Subnational population estimates (Health regions and Health districts), by age and sex, at 30 June 1996-25 (2023 boundaries)",I,2022,2022,3,"Total people, sex",19,90 years and over,203,Tairāwhiti,350,
DATAFLOW,STATSNZ:POPES_SUB_002(1.0),"Subnational population estimates (Health regions and Health districts), by age and sex, at 30 June 1996-25 (2023 boundaries)",I,2024,2024,3,"Total people, sex",17,80-84 years,301,Whanganui,1970,
DATAFLOW,STATSNZ:POPES_SUB_002(1.0),"Subnational population estimates (Health regions and Health districts), by age and sex, at 30 June 1996-25 (2023 boundaries)",I,2023,2023,3,"Total people, sex",4,65 years and over,103,Counties Manukau,72000,
DATAFLOW,STATSNZ:POPES_SUB_002(1.0),"Subnational population estimates (Health regions and Health districts), by age and sex, at 30 June 1996-25 (2023 boundaries)",I,2023,2023,3,"Total people, sex",18,85-89 years,101,Waitematā,7020,
DATAFLOW,STATSNZ:POPES_SUB_002(1.0),"Subnational population estimates (Health regions and Health districts), by age and sex, at 30 June 1996-25 (2023 boundaries)",I,2022,2022,3,"Total people, sex",15,70-74 years,101,Waitematā,23290,
DATAFLOW,STATSNZ:POPES_SUB_002(1.0),"Subnational population estimates (Health regions and Health districts), by age and sex, at 30 June 1996-25 (2023 boundaries)",I,2020,2020,3,"Total people, sex",18,85-89 years,103,Counties Manukau,4140,
DATAFLOW,STATSNZ:POPES_SUB_002(1.0),"Subnational population estimates (Health regions and Health districts), by age and sex, at 30 June 1996-25 (2023 boundaries)",I,2023,2023,3,"Total people, sex",17,80-84 years,402,Canterbury,13200,
DATAFLOW,STATSNZ:POPES_SUB_002(1.0),"Subnational population estimates (Health regions and Health districts), by age and sex, at 30 June 1996-25 (2023 boundaries)",I,2022,2022,3,"Total people, sex",19,90 years and over,100,Northland,1380,
DATAFLOW,STATSNZ:POPES_SUB_002(1.0),"Subnational population estimates (Health regions and Health districts), by age and sex, at 30 June 1996-25 (2023 boundaries)",I,2024,2024,3,"Total people, sex",17,80-84 years,204,Taranaki,3180,
DATAFLOW,STATSNZ:POPES_SUB_002(1.0),"Subnational population estimates (Health regions and Health districts), by age and sex, at 30 June 1996-25 (2023 boundaries)",I,2020,2020,3,"Total people, sex",15,70-74 years,302,MidCentral,9030,
DATAFLOW,STATSNZ:POPES_SUB_002(1.0),"Subnational population estimates (Health regions and Health districts), by age and sex, at 30 June 1996-25 (2023 boundaries)",I,2023,2023,3,"Total people, sex",19,90 years and over,402,Canterbury,4250,
DATAFLOW,STATSNZ:POPES_SUB_002(1.0),"Subnational population estimates (Health regions and Health districts), by age and sex, at 30 June 1996-25 (2023 boundaries)",I,2024,2024,3,"Total people, sex",16,75-79 years,404,Southern,12970,
DATAFLOW,STATSNZ:POPES_SUB_002(1.0),"Subnational population estimates (Health regions and Health districts), by age and sex, at 30 June 1996-25 (2023 boundaries)",I,2021,2021,3,"Total people, sex",19,90 years and over,204,Taranaki,1070,
DATAFLOW,STATSNZ:POPES_SUB_002(1.0),"Subnational population estimates (Health regions and Health districts), by age and sex, at 30 June 1996-25 (2023 boundaries)",I,2024,2024,3,"Total people, sex",17,80-84 years,302,MidCentral,4950,
DATAFLOW,STATSNZ:POPES_SUB_002(1.0),"Subnational population estimates (Health regions and Health districts), by age and sex, at 30 June 1996-25 (2023 boundaries)",I,2022,2022,3,"Total people, sex",18,85-89 years,303,"Capital, Coast and Hutt Valley",4930,
DATAFLOW,STATSNZ:POPES_SUB_002(1.0),"Subnational population estimates (Health regions and Health districts), by age and sex, at 30 June 1996-25 (2023 boundaries)",I,2024,2024,3,"Total people, sex",14,65-69 years,900,Area outside health district,30,
DATAFLOW,STATSNZ:POPES_SUB_002(1.0),"Subnational population estimates (Health regions and Health districts), by age and sex, at 30 June 1996-25 (2023 boundaries)",I,2021,2021,3,"Total people, sex",16,75-79 years,202,Bay of Plenty,10280,
DATAFLOW,STATSNZ:POPES_SUB_002(1.0),"Subnational population estimates (Health regions and Health districts), by age and sex, at 30 June 1996-25 (2023 boundaries)",I,2022,2022,3,"Total people, sex",18,85-89 years,203,Tairāwhiti,550,
DATAFLOW,STATSNZ:POPES_SUB_002(1.0),"Subnational population estimates (Health regions and Health districts), by age and sex, at 30 June 1996-25 (2023 boundaries)",I,2024,2024,3,"Total people, sex",4,65 years and over,300,Hawke's Bay,34900,
DATAFLOW,STATSNZ:POPES_SUB_002(1.0),"Subnational population estimates (Health regions and Health districts), by age and sex, at 30 June 1996-25 (2023 boundaries)",I,2020,2020,3,"Total people, sex",4,65 years and over,401,West Coast,6800,
DATAFLOW,STATSNZ:POPES_SUB_002(1.0),"Subnational population estimates (Health regions and Health districts), by age and sex, at 30 June 1996-25 (2023 boundaries)",I,2022,2022,3,"Total people, sex",18,85-89 years,400,Nelson Marlborough,2450,
DATAFLOW,STATSNZ:POPES_SUB_002(1.0),"Subnational population estimates (Health regions and Health districts), by age and sex, at 30 June 1996-25 (2023 boundaries)",I,2022,2022,3,"Total people, sex",19,90 years and over,400,Nelson Marlborough,1360,
DATAFLOW,STATSNZ:POPES_SUB_002(1.0),"Subnational population estimates (Health regions and Health districts), by age and sex, at 30 June 1996-25 (2023 boundaries)",I,2020,2020,3,"Total people, sex",14,65-69 years,302,MidCentral,10000,
DATAFLOW,STATSNZ:POPES_SUB_002(1.0),"Subnational population estimates (Health regions and Health districts), by age and sex, at 30 June 1996-25 (2023 boundaries)",I,2021,2021,3,"Total people, sex",19,90 years and over,900,Area outside health district,0,
DATAFLOW,STATSNZ:POPES_SUB_002(1.0),"Subnational population estimates (Health regions and Health districts), by age and sex, at 30 June 1996-25 (2023 boundaries)",I,2020,2020,3,"Total people, sex",14,65-69 years,404,Southern,18260,
DATAFLOW,STATSNZ:POPES_SUB_002(1.0),"Subnational population estimates (Health regions and Health districts), by age and sex, at 30 June 1996-25 (2023 boundaries)",I,2021,2021,3,"Total people, sex",18,85-89 years,300,Hawke's Bay,2370,
DATAFLOW,STATSNZ:POPES_SUB_002(1.0),"Subnational population estimates (Health regions and Health districts), by age and sex, at 30 June 1996-25 (2023 boundaries)",I,2021,2021,3,"Total people, sex",15,70-74 years,202,Bay of Plenty,14140,
DATAFLOW,STATSNZ:POPES_SUB_002(1.0),"Subnational population estimates (Health regions and Health districts), by age and sex, at 30 June 1996-25 (2023 boundaries)",I,2020,2020,3,"Total people, sex",4,65 years and over,103,Counties Manukau,66400,
DATAFLOW,STATSNZ:POPES_SUB_002(1.0),"Subnational population estimates (Health regions and Health districts), by age and sex, at 30 June 1996-25 (2023 boundaries)",I,2022,2022,3,"Total people, sex",18,85-89 years,100,Northland,2600,
DATAFLOW,STATSNZ:POPES_SUB_002(1.0),"Subnational population estimates (Health regions and Health districts), by age and sex, at 30 June 1996-25 (2023 boundaries)",I,2023,2023,3,"Total people, sex",19,90 years and over,103,Counties Manukau,2290,
DATAFLOW,STATSNZ:POPES_SUB_002(1.0),"Subnational population estimates (Health regions and Health districts), by age and sex, at 30 June 1996-25 (2023 boundaries)",I,2020,2020,3,"Total people, sex",19,90 years and over,402,Canterbury,4120,
DATAFLOW,STATSNZ:POPES_SUB_002(1.0),"Subnational population estimates (Health regions and Health districts), by age and sex, at 30 June 1996-25 (2023 boundaries)",I,2021,2021,3,"Total people, sex",4,65 years and over,102,Auckland,61000,
DATAFLOW,STATSNZ:POPES_SUB_002(1.0),"Subnational population estimates (Health regions and Health districts), by age and sex, at 30 June 1996-25 (2023 boundaries)",I,2021,2021,3,"Total people, sex",14,65-69 years,303,"Capital, Coast and Hutt Valley",20590,
DATAFLOW,STATSNZ:POPES_SUB_002(1.0),"Subnational population estimates (Health regions and Health districts), by age and sex, at 30 June 1996-25 (2023 boundaries)",I,2022,2022,3,"Total people, sex",4,65 years and over,203,Tairāwhiti,8500,
DATAFLOW,STATSNZ:POPES_SUB_002(1.0),"Subnational population estimates (Health regions and Health districts), by age and sex, at 30 June 1996-25 (2023 boundaries)",I,2022,2022,3,"Total people, sex",16,75-79 years,402,Canterbury,18510,
DATAFLOW,STATSNZ:POPES_SUB_002(1.0),"Subnational population estimates (Health regions and Health districts), by age and sex, at 30 June 1996-25 (2023 boundaries)",I,2024,2024,3,"Total people, sex",16,75-79 years,302,MidCentral,7670,
DATAFLOW,STATSNZ:POPES_SUB_002(1.0),"Subnational population estimates (Health regions and Health districts), by age and sex, at 30 June 1996-25 (2023 boundaries)",I,2022,2022,3,"Total people, sex",19,90 years and over,202,Bay of Plenty,2290,
DATAFLOW,STATSNZ:POPES_SUB_002(1.0),"Subnational population estimates (Health regions and Health districts), by age and sex, at 30 June 1996-25 (2023 boundaries)",I,2024,2024,3,"Total people, sex",19,90 years and over,102,Auckland,2870,
DATAFLOW,STATSNZ:POPES_SUB_002(1.0),"Subnational population estimates (Health regions and Health districts), by age and sex, at 30 June 1996-25 (2023 boundaries)",I,2020,2020,3,"Total people, sex",17,80-84 years,204,Taranaki,2770,
DATAFLOW,STATSNZ:POPES_SUB_002(1.0),"Subnational population estimates (Health regions and Health districts), by age and sex, at 30 June 1996-25 (2023 boundaries)",I,2021,2021,3,"Total people, sex",4,65 years and over,300,Hawke's Bay,33500,
DATAFLOW,STATSNZ:POPES_SUB_002(1.0),"Subnational population estimates (Health regions and Health districts), by age and sex, at 30 June 1996-25 (2023 boundaries)",I,2021,2021,3,"Total people, sex",18,85-89 years,302,MidCentral,2480,
DATAFLOW,STATSNZ:POPES_SUB_002(1.0),"Subnational population estimates (Health regions and Health districts), by age and sex, at 30 June 1996-25 (2023 boundaries)",I,2021,2021,3,"Total people, sex",16,75-79 years,900,Area outside health district,10,
DATAFLOW,STATSNZ:POPES_SUB_002(1.0),"Subnational population estimates (Health regions and Health districts), by age and sex, at 30 June 1996-25 (2023 boundaries)",I,2021,2021,3,"Total people, sex",18,85-89 years,404,Southern,4270,
DATAFLOW,STATSNZ:POPES_SUB_002(1.0),"Subnational population estimates (Health regions and Health districts), by age and sex, at 30 June 1996-25 (2023 boundaries)",I,2022,2022,3,"Total people, sex",4,65 years and over,400,Nelson Marlborough,36700,
DATAFLOW,STATSNZ:POPES_SUB_002(1.0),"Subnational population estimates (Health regions and Health districts), by age and sex, at 30 June 1996-25 (2023 boundaries)",I,2022,2022,3,"Total people, sex",16,75-79 years,303,"Capital, Coast and Hutt Valley",13000,
DATAFLOW,STATSNZ:POPES_SUB_002(1.0),"Subnational population estimates (Health regions and Health districts), by age and sex, at 30 June 1996-25 (2023 boundaries)",I,2020,2020,3,"Total people, sex",18,85-89 years,101,Waitematā,6250,
DATAFLOW,STATSNZ:POPES_SUB_002(1.0),"Subnational population estimates (Health regions and Health districts), by age and sex, at 30 June 1996-25 (2023 boundaries)",I,2021,2021,3,"Total people, sex",4,65 years and over,304,Wairarapa,11200,
DATAFLOW,STATSNZ:POPES_SUB_002(1.0),"Subnational population estimates (Health regions and Health districts), by age and sex, at 30 June 1996-25 (2023 boundaries)",I,2021,2021,3,"Total people, sex",15,70-74 years,400,Nelson Marlborough,10080,
DATAFLOW,STATSNZ:POPES_SUB_002(1.0),"Subnational population estimates (Health regions and Health districts), by age and sex, at 30 June 1996-25 (2023 boundaries)",I,2024,2024,3,"Total people, sex",14,65-69 years,304,Wairarapa,3600,
DATAFLOW,STATSNZ:POPES_SUB_002(1.0),"Subnational population estimates (Health regions and Health districts), by age and sex, at 30 June 1996-25 (2023 boundaries)",I,2021,2021,3,"Total people, sex",15,70-74 years,203,Tairāwhiti,2250,
DATAFLOW,STATSNZ:POPES_SUB_002(1.0),"Subnational population estimates (Health regions and Health districts), by age and sex, at 30 June 1996-25 (2023 boundaries)",I,2024,2024,3,"Total people, sex",14,65-69 years,301,Whanganui,4480,
DATAFLOW,STATSNZ:POPES_SUB_002(1.0),"Subnational population estimates (Health regions and Health districts), by age and sex, at 30 June 1996-25 (2023 boundaries)",I,2024,2024,3,"Total people, sex",19,90 years and over,204,Taranaki,1060,
DATAFLOW,STATSNZ:POPES_SUB_002(1.0),"Subnational population estimates (Health regions and Health districts), by age and sex, at 30 June 1996-25 (2023 boundaries)",I,2024,2024,3,"Total people, sex",14,65-69 years,403,South Canterbury,4040,
DATAFLOW,STATSNZ:POPES_SUB_002(1.0),"Subnational population estimates (Health regions and Health districts), by age and sex, at 30 June 1996-25 (2023 boundaries)",I,2020,2020,3,"Total people, sex",14,65-69 years,200,Waikato,22140,
DATAFLOW,STATSNZ:POPES_SUB_002(1.0),"Subnational population estimates (Health regions and Health districts), by age and sex, at 30 June 1996-25 (2023 boundaries)",I,2021,2021,3,"Total people, sex",17,80-84 years,203,Tairāwhiti,1000,
DATAFLOW,STATSNZ:POPES_SUB_002(1.0),"Subnational population estimates (Health regions and Health districts), by age and sex, at 30 June 1996-25 (2023 boundaries)",I,2023,2023,3,"Total people, sex",4,65 years and over,401,West Coast,7600,
DATAFLOW,STATSNZ:POPES_SUB_002(1.0),"Subnational population estimates (Health regions and Health districts), by age and sex, at 30 June 1996-25 (2023 boundaries)",I,2021,2021,3,"Total people, sex",17,80-84 years,400,Nelson Marlborough,4400,
DATAFLOW,STATSNZ:POPES_SUB_002(1.0),"Subnational population estimates (Health regions and Health districts), by age and sex, at 30 June 1996-25 (2023 boundaries)",I,2023,2023,3,"Total people, sex",16,75-79 years,204,Taranaki,4860,
DATAFLOW,STATSNZ:POPES_SUB_002(1.0),"Subnational population estimates (Health regions and Health districts), by age and sex, at 30 June 1996-25 (2023 boundaries)",I,2024,2024,3,"Total people, sex",16,75-79 years,202,Bay of Plenty,11860,
DATAFLOW,STATSNZ:POPES_SUB_002(1.0),"Subnational population estimates (Health regions and Health districts), by age and sex, at 30 June 1996-25 (2023 boundaries)",I,2020,2020,3,"Total people, sex",17,80-84 years,102,Auckland,7290,
DATAFLOW,STATSNZ:POPES_SUB_002(1.0),"Subnational population estimates (Health regions and Health districts), by age and sex, at 30 June 1996-25 (2023 boundaries)",I,2020,2020,3,"Total people, sex",18,85-89 years,403,South Canterbury,1010,
DATAFLOW,STATSNZ:POPES_SUB_002(1.0),"Subnational population estimates (Health regions and Health districts), by age and sex, at 30 June 1996-25 (2023 boundaries)",I,2021,2021,3,"Total people, sex",16,75-79 years,404,Southern,10690,
DATAFLOW,STATSNZ:POPES_SUB_002(1.0),"Subnational population estimates (Health regions and Health districts), by age and sex, at 30 June 1996-25 (2023 boundaries)",I,2021,2021,3,"Total people, sex",14,65-69 years,900,Area outside health district,20,
DATAFLOW,STATSNZ:POPES_SUB_002(1.0),"Subnational population estimates (Health regions and Health districts), by age and sex, at 30 June 1996-25 (2023 boundaries)",I,2022,2022,3,"Total people, sex",15,70-74 years,201,Lakes,5400,
DATAFLOW,STATSNZ:POPES_SUB_002(1.0),"Subnational population estimates (Health regions and Health districts), by age and sex, at 30 June 1996-25 (2023 boundaries)",I,2024,2024,3,"Total people, sex",14,65-69 years,200,Waikato,24220,
DATAFLOW,STATSNZ:POPES_SUB_002(1.0),"Subnational population estimates (Health regions and Health districts), by age and sex, at 30 June 1996-25 (2023 boundaries)",I,2020,2020,3,"Total people, sex",17,80-84 years,300,Hawke's Bay,4010,
DATAFLOW,STATSNZ:POPES_SUB_002(1.0),"Subnational population estimates (Health regions and Health districts), by age and sex, at 30 June 1996-25 (2023 boundaries)",I,2024,2024,3,"Total people, sex",14,65-69 years,202,Bay of Plenty,15490,
DATAFLOW,STATSNZ:POPES_SUB_002(1.0),"Subnational population estimates (Health regions and Health districts), by age and sex, at 30 June 1996-25 (2023 boundaries)",I,2024,2024,3,"Total people, sex",16,75-79 years,200,Waikato,16350,
DATAFLOW,STATSNZ:POPES_SUB_002(1.0),"Subnational population estimates (Health regions and Health districts), by age and sex, at 30 June 1996-25 (2023 boundaries)",I,2021,2021,3,"Total people, sex",19,90 years and over,301,Whanganui,580,
DATAFLOW,STATSNZ:POPES_SUB_002(1.0),"Subnational population estimates (Health regions and Health districts), by age and sex, at 30 June 1996-25 (2023 boundaries)",I,2023,2023,3,"Total people, sex",4,65 years and over,101,Waitematā,95600,
DATAFLOW,STATSNZ:POPES_SUB_002(1.0),"Subnational population estimates (Health regions and Health districts), by age and sex, at 30 June 1996-25 (2023 boundaries)",I,2023,2023,3,"Total people, sex",15,70-74 years,302,MidCentral,9300,
DATAFLOW,STATSNZ:POPES_SUB_002(1.0),"Subnational population estimates (Health regions and Health districts), by age and sex, at 30 June 1996-25 (2023 boundaries)",I,2023,2023,3,"Total people, sex",15,70-74 years,404,Southern,16130,
DATAFLOW,STATSNZ:POPES_SUB_002(1.0),"Subnational population estimates (Health regions and Health districts), by age and sex, at 30 June 1996-25 (2023 boundaries)",I,2022,2022,3,"Total people, sex",4,65 years and over,201,Lakes,19800,
DATAFLOW,STATSNZ:POPES_SUB_002(1.0),"Subnational population estimates (Health regions and Health districts), by age and sex, at 30 June 1996-25 (2023 boundaries)",I,2020,2020,3,"Total people, sex",14,65-69 years,202,Bay of Plenty,14990,
DATAFLOW,STATSNZ:POPES_SUB_002(1.0),"Subnational population estimates (Health regions and Health districts), by age and sex, at 30 June 1996-25 (2023 boundaries)",I,2021,2021,3,"Total people, sex",17,80-84 years,100,Northland,4880,
DATAFLOW,STATSNZ:POPES_SUB_002(1.0),"Subnational population estimates (Health regions and Health districts), by age and sex, at 30 June 1996-25 (2023 boundaries)",I,2021,2021,3,"Total people, sex",4,65 years and over,204,Taranaki,23100,
DATAFLOW,STATSNZ:POPES_SUB_002(1.0),"Subnational population estimates (Health regions and Health districts), by age and sex, at 30 June 1996-25 (2023 boundaries)",I,2023,2023,3,"Total people, sex",19,90 years and over,303,"Capital, Coast and Hutt Valley",2960,
DATAFLOW,STATSNZ:POPES_SUB_002(1.0),"Subnational population estimates (Health regions and Health districts), by age and sex, at 30 June 1996-25 (2023 boundaries)",I,2023,2023,3,"Total people, sex",4,65 years and over,302,MidCentral,35800,
DATAFLOW,STATSNZ:POPES_SUB_002(1.0),"Subnational population estimates (Health regions and Health districts), by age and sex, at 30 June 1996-25 (2023 boundaries)",I,2024,2024,3,"Total people, sex",19,90 years and over,300,Hawke's Bay,1320,
DATAFLOW,STATSNZ:POPES_SUB_002(1.0),"Subnational population estimates (Health regions and Health districts), by age and sex, at 30 June 1996-25 (2023 boundaries)",I,2021,2021,3,"Total people, sex",19,90 years and over,401,West Coast,230,
DATAFLOW,STATSNZ:POPES_SUB_002(1.0),"Subnational population estimates (Health regions and Health districts), by age and sex, at 30 June 1996-25 (2023 boundaries)",I,2024,2024,3,"Total people, sex",14,65-69 years,302,MidCentral,10670,
DATAFLOW,STATSNZ:POPES_SUB_002(1.0),"Subnational population estimates (Health regions and Health districts), by age and sex, at 30 June 1996-25 (2023 boundaries)",I,2020,2020,3,"Total people, sex",14,65-69 years,304,Wairarapa,3320,
DATAFLOW,STATSNZ:POPES_SUB_002(1.0),"Subnational population estimates (Health regions and Health districts), by age and sex, at 30 June 1996-25 (2023 boundaries)",I,2023,2023,3,"Total people, sex",14,65-69 years,402,Canterbury,30940,
DATAFLOW,STATSNZ:POPES_SUB_002(1.0),"Subnational population estimates (Health regions and Health districts), by age and sex, at 30 June 1996-25 (2023 boundaries)",I,2022,2022,3,"Total people, sex",19,90 years and over,300,Hawke's Bay,1360,
DATAFLOW,STATSNZ:POPES_SUB_002(1.0),"Subnational population estimates (Health regions and Health districts), by age and sex, at 30 June 1996-25 (2023 boundaries)",I,2021,2021,3,"Total people, sex",16,75-79 years,204,Taranaki,4220,
DATAFLOW,STATSNZ:POPES_SUB_002(1.0),"Subnational population estimates (Health regions and Health districts), by age and sex, at 30 June 1996-25 (2023 boundaries)",I,2022,2022,3,"Total people, sex",16,75-79 years,100,Northland,8180,
DATAFLOW,STATSNZ:POPES_SUB_002(1.0),"Subnational population estimates (Health regions and Health districts), by age and sex, at 30 June 1996-25 (2023 boundaries)",I,2024,2024,3,"Total people, sex",19,90 years and over,202,Bay of Plenty,2280,
DATAFLOW,STATSNZ:POPES_SUB_002(1.0),"Subnational population estimates (Health regions and Health districts), by age and sex, at 30 June 1996-25 (2023 boundaries)",I,2020,2020,3,"Total people, sex",15,70-74 years,103,Counties Manukau,17710,
DATAFLOW,STATSNZ:POPES_SUB_002(1.0),"Subnational population estimates (Health regions and Health districts), by age and sex, at 30 June 1996-25 (2023 boundaries)",I,2020,2020,3,"Total people, sex",4,65 years and over,201,Lakes,19000,
DATAFLOW,STATSNZ:POPES_SUB_002(1.0),"Subnational population estimates (Health regions and Health districts), by age and sex, at 30 June 1996-25 (2023 boundaries)",I,2020,2020,3,"Total people, sex",16,75-79 years,402,Canterbury,16660,
DATAFLOW,STATSNZ:POPES_SUB_002(1.0),"Subnational population estimates (Health regions and Health districts), by age and sex, at 30 June 1996-25 (2023 boundaries)",I,2021,2021,3,"Total people, sex",17,80-84 years,303,"Capital, Coast and Hutt Valley",8600,
DATAFLOW,STATSNZ:POPES_SUB_002(1.0),"Subnational population estimates (Health regions and Health districts), by age and sex, at 30 June 1996-25 (2023 boundaries)",I,2022,2022,3,"Total people, sex",18,85-89 years,201,Lakes,1220,
DATAFLOW,STATSNZ:POPES_SUB_002(1.0),"Subnational population estimates (Health regions and Health districts), by age and sex, at 30 June 1996-25 (2023 boundaries)",I,2023,2023,3,"Total people, sex",18,85-89 years,204,Taranaki,1810,
DATAFLOW,STATSNZ:POPES_SUB_002(1.0),"Subnational population estimates (Health regions and Health districts), by age and sex, at 30 June 1996-25 (2023 boundaries)",I,2023,2023,3,"Total people, sex",4,65 years and over,403,South Canterbury,14000,
DATAFLOW,STATSNZ:POPES_SUB_002(1.0),"Subnational population estimates (Health regions and Health districts), by age and sex, at 30 June 1996-25 (2023 boundaries)",I,2022,2022,3,"Total people, sex",15,70-74 years,401,West Coast,2030,
DATAFLOW,STATSNZ:POPES_SUB_002(1.0),"Subnational population estimates (Health regions and Health districts), by age and sex, at 30 June 1996-25 (2023 boundaries)",I,2023,2023,3,"Total people, sex",16,75-79 years,301,Whanganui,2980,
DATAFLOW,STATSNZ:POPES_SUB_002(1.0),"Subnational population estimates (Health regions and Health districts), by age and sex, at 30 June 1996-25 (2023 boundaries)",I,2020,2020,3,"Total people, sex",17,80-84 years,202,Bay of Plenty,6730,
DATAFLOW,STATSNZ:POPES_SUB_002(1.0),"Subnational population estimates (Health regions and Health districts), by age and sex, at 30 June 1996-25 (2023 boundaries)",I,2021,2021,3,"Total people, sex",15,70-74 years,300,Hawke's Bay,9230,
DATAFLOW,STATSNZ:POPES_SUB_002(1.0),"Subnational population estimates (Health regions and Health districts), by age and sex, at 30 June 1996-25 (2023 boundaries)",I,2021,2021,3,"Total people, sex",16,75-79 years,301,Whanganui,2570,
DATAFLOW,STATSNZ:POPES_SUB_002(1.0),"Subnational population estimates (Health regions and Health districts), by age and sex, at 30 June 1996-25 (2023 boundaries)",I,2022,2022,3,"Total people, sex",4,65 years and over,402,Canterbury,98300,
DATAFLOW,STATSNZ:POPES_SUB_002(1.0),"Subnational population estimates (Health regions and Health districts), by age and sex, at 30 June 1996-25 (2023 boundaries)",I,2023,2023,3,"Total people, sex",15,70-74 years,300,Hawke's Bay,8940,
DATAFLOW,STATSNZ:POPES_SUB_002(1.0),"Subnational population estimates (Health regions and Health districts), by age and sex, at 30 June 1996-25 (2023 boundaries)",I,2020,2020,3,"Total people, sex",19,90 years and over,102,Auckland,2800,
DATAFLOW,STATSNZ:POPES_SUB_002(1.0),"Subnational population estimates (Health regions and Health districts), by age and sex, at 30 June 1996-25 (2023 boundaries)",I,2022,2022,3,"Total people, sex",19,90 years and over,102,Auckland,2820,
DATAFLOW,STATSNZ:POPES_SUB_002(1.0),"Subnational population estimates (Health regions and Health districts), by age and sex, at 30 June 1996-25 (2023 boundaries)",I,2023,2023,3,"Total people, sex",18,85-89 years,302,MidCentral,2580,
DATAFLOW,STATSNZ:POPES_SUB_002(1.0),"Subnational population estimates (Health regions and Health districts), by age and sex, at 30 June 1996-25 (2023 boundaries)",I,2024,2024,3,"Total people, sex",4,65 years and over,100,Northland,44300,
DATAFLOW,STATSNZ:POPES_SUB_002(1.0),"Subnational population estimates (Health regions and Health districts), by age and sex, at 30 June 1996-25 (2023 boundaries)",I,2024,2024,3,"Total people, sex",17,80-84 years,401,West Coast,860,
DATAFLOW,STATSNZ:POPES_SUB_002(1.0),"Subnational population estimates (Health regions and Health districts), by age and sex, at 30 June 1996-25 (2023 boundaries)",I,2020,2020,3,"Total people, sex",15,70-74 years,401,West Coast,1940,
DATAFLOW,STATSNZ:POPES_SUB_002(1.0),"Subnational population estimates (Health regions and Health districts), by age and sex, at 30 June 1996-25 (2023 boundaries)",I,2024,2024,3,"Total people, sex",4,65 years and over,203,Tairāwhiti,8800,
DATAFLOW,STATSNZ:POPES_SUB_002(1.0),"Subnational population estimates (Health regions and Health districts), by age and sex, at 30 June 1996-25 (2023 boundaries)",I,2022,2022,3,"Total people, sex",15,70-74 years,103,Counties Manukau,18190,
DATAFLOW,STATSNZ:POPES_SUB_002(1.0),"Subnational population estimates (Health regions and Health districts), by age and sex, at 30 June 1996-25 (2023 boundaries)",I,2023,2023,3,"Total people, sex",14,65-69 years,201,Lakes,6300,
DATAFLOW,STATSNZ:POPES_SUB_002(1.0),"Subnational population estimates (Health regions and Health districts), by age and sex, at 30 June 1996-25 (2023 boundaries)",I,2024,2024,3,"Total people, sex",14,65-69 years,404,Southern,20070,
DATAFLOW,STATSNZ:POPES_SUB_002(1.0),"Subnational population estimates (Health regions and Health districts), by age and sex, at 30 June 1996-25 (2023 boundaries)",I,2022,2022,3,"Total people, sex",4,65 years and over,100,Northland,42100,
DATAFLOW,STATSNZ:POPES_SUB_002(1.0),"Subnational population estimates (Health regions and Health districts), by age and sex, at 30 June 1996-25 (2023 boundaries)",I,2023,2023,3,"Total people, sex",18,85-89 years,200,Waikato,5230,
DATAFLOW,STATSNZ:POPES_SUB_002(1.0),"Subnational population estimates (Health regions and Health districts), by age and sex, at 30 June 1996-25 (2023 boundaries)",I,2022,2022,3,"Total people, sex",14,65-69 years,304,Wairarapa,3470,
DATAFLOW,STATSNZ:POPES_SUB_002(1.0),"Subnational population estimates (Health regions and Health districts), by age and sex, at 30 June 1996-25 (2023 boundaries)",I,2024,2024,3,"Total people, sex",18,85-89 years,100,Northland,2750,
DATAFLOW,STATSNZ:POPES_SUB_002(1.0),"Subnational population estimates (Health regions and Health districts), by age and sex, at 30 June 1996-25 (2023 boundaries)",I,2023,2023,3,"Total people, sex",15,70-74 years,202,Bay of Plenty,13730,
DATAFLOW,STATSNZ:POPES_SUB_002(1.0),"Subnational population estimates (Health regions and Health districts), by age and sex, at 30 June 1996-25 (2023 boundaries)",I,2020,2020,3,"Total people, sex",18,85-89 years,201,Lakes,1250,
DATAFLOW,STATSNZ:POPES_SUB_002(1.0),"Subnational population estimates (Health regions and Health districts), by age and sex, at 30 June 1996-25 (2023 boundaries)",I,2021,2021,3,"Total people, sex",4,65 years and over,200,Waikato,73200,
DATAFLOW,STATSNZ:POPES_SUB_002(1.0),"Subnational population estimates (Health regions and Health districts), by age and sex, at 30 June 1996-25 (2023 boundaries)",I,2020,2020,3,"Total people, sex",15,70-74 years,101,Waitematā,23180,
DATAFLOW,STATSNZ:POPES_SUB_002(1.0),"Subnational population estimates (Health regions and Health districts), by age and sex, at 30 June 1996-25 (2023 boundaries)",I,2021,2021,3,"Total people, sex",15,70-74 years,102,Auckland,15850,
DATAFLOW,STATSNZ:POPES_SUB_002(1.0),"Subnational population estimates (Health regions and Health districts), by age and sex, at 30 June 1996-25 (2023 boundaries)",I,2023,2023,3,"Total people, sex",16,75-79 years,403,South Canterbury,2840,
DATAFLOW,STATSNZ:POPES_SUB_002(1.0),"Subnational population estimates (Health regions and Health districts), by age and sex, at 30 June 1996-25 (2023 boundaries)",I,2024,2024,3,"Total people, sex",16,75-79 years,304,Wairarapa,2610,
DATAFLOW,STATSNZ:POPES_SUB_002(1.0),"Subnational population estimates (Health regions and Health districts), by age and sex, at 30 June 1996-25 (2023 boundaries)",I,2021,2021,3,"Total people, sex",14,65-69 years,201,Lakes,6070,
DATAFLOW,STATSNZ:POPES_SUB_002(1.0),"Subnational population estimates (Health regions and Health districts), by age and sex, at 30 June 1996-25 (2023 boundaries)",I,2023,2023,3,"Total people, sex",15,70-74 years,102,Auckland,16300,
DATAFLOW,STATSNZ:POPES_SUB_002(1.0),"Subnational population estimates (Health regions and Health districts), by age and sex, at 30 June 1996-25 (2023 boundaries)",I,2023,2023,3,"Total people, sex",4,65 years and over,301,Whanganui,14600,
DATAFLOW,STATSNZ:POPES_SUB_002(1.0),"Subnational population estimates (Health regions and Health districts), by age and sex, at 30 June 1996-25 (2023 boundaries)",I,2024,2024,3,"Total people, sex",17,80-84 years,103,Counties Manukau,9060,
DATAFLOW,STATSNZ:POPES_SUB_002(1.0),"Subnational population estimates (Health regions and Health districts), by age and sex, at 30 June 1996-25 (2023 boundaries)",I,2022,2022,3,"Total people, sex",16,75-79 years,203,Tairāwhiti,1480,
DATAFLOW,STATSNZ:POPES_SUB_002(1.0),"Subnational population estimates (Health regions and Health districts), by age and sex, at 30 June 1996-25 (2023 boundaries)",I,2024,2024,3,"Total people, sex",14,65-69 years,204,Taranaki,7570,
DATAFLOW,STATSNZ:POPES_SUB_002(1.0),"Subnational population estimates (Health regions and Health districts), by age and sex, at 30 June 1996-25 (2023 boundaries)",I,2020,2020,3,"Total people, sex",16,75-79 years,100,Northland,7190,
DATAFLOW,STATSNZ:POPES_SUB_002(1.0),"Subnational population estimates (Health regions and Health districts), by age and sex, at 30 June 1996-25 (2023 boundaries)",I,2023,2023,3,"Total people, sex",15,70-74 years,200,Waikato,19910,
DATAFLOW,STATSNZ:POPES_SUB_002(1.0),"Subnational population estimates (Health regions and Health districts), by age and sex, at 30 June 1996-25 (2023 boundaries)",I,2021,2021,3,"Total people, sex",16,75-79 years,403,South Canterbury,2530,
DATAFLOW,STATSNZ:POPES_SUB_002(1.0),"Subnational population estimates (Health regions and Health districts), by age and sex, at 30 June 1996-25 (2023 boundaries)",I,2022,2022,3,"Total people, sex",14,65-69 years,302,MidCentral,10240,
DATAFLOW,STATSNZ:POPES_SUB_002(1.0),"Subnational population estimates (Health regions and Health districts), by age and sex, at 30 June 1996-25 (2023 boundaries)",I,2020,2020,3,"Total people, sex",17,80-84 years,200,Waikato,8610,
DATAFLOW,STATSNZ:POPES_SUB_002(1.0),"Subnational population estimates (Health regions and Health districts), by age and sex, at 30 June 1996-25 (2023 boundaries)",I,2022,2022,3,"Total people, sex",14,65-69 years,200,Waikato,23060,
DATAFLOW,STATSNZ:POPES_SUB_002(1.0),"Subnational population estimates (Health regions and Health districts), by age and sex, at 30 June 1996-25 (2023 boundaries)",I,2023,2023,3,"Total people, sex",17,80-84 years,400,Nelson Marlborough,4820,
DATAFLOW,STATSNZ:POPES_SUB_002(1.0),"Subnational population estimates (Health regions and Health districts), by age and sex, at 30 June 1996-25 (2023 boundaries)",I,2024,2024,3,"Total people, sex",17,80-84 years,101,Waitematā,13090,
DATAFLOW,STATSNZ:POPES_SUB_002(1.0),"Subnational population estimates (Health regions and Health districts), by age and sex, at 30 June 1996-25 (2023 boundaries)",I,2024,2024,3,"Total people, sex",18,85-89 years,203,Tairāwhiti,540,
DATAFLOW,STATSNZ:POPES_SUB_002(1.0),"Subnational population estimates (Health regions and Health districts), by age and sex, at 30 June 1996-25 (2023 boundaries)",I,2023,2023,3,"Total people, sex",17,80-84 years,203,Tairāwhiti,1020,
DATAFLOW,STATSNZ:POPES_SUB_002(1.0),"Subnational population estimates (Health regions and Health districts), by age and sex, at 30 June 1996-25 (2023 boundaries)",I,2021,2021,3,"Total people, sex",19,90 years and over,101,Waitematā,3970,
DATAFLOW,STATSNZ:POPES_SUB_002(1.0),"Subnational population estimates (Health regions and Health districts), by age and sex, at 30 June 1996-25 (2023 boundaries)",I,2022,2022,3,"Total people, sex",16,75-79 years,400,Nelson Marlborough,7280,
DATAFLOW,STATSNZ:POPES_SUB_002(1.0),"Subnational population estimates (Health regions and Health districts), by age and sex, at 30 June 1996-25 (2023 boundaries)",I,2024,2024,3,"Total people, sex",17,80-84 years,900,Area outside health district,5,
DATAFLOW,STATSNZ:POPES_SUB_002(1.0),"Subnational population estimates (Health regions and Health districts), by age and sex, at 30 June 1996-25 (2023 boundaries)",I,2024,2024,3,"Total people, sex",19,90 years and over,404,Southern,2500,
DATAFLOW,STATSNZ:POPES_SUB_002(1.0),"Subnational population estimates (Health regions and Health districts), by age and sex, at 30 June 1996-25 (2023 boundaries)",I,2020,2020,3,"Total people, sex",17,80-84 years,404,Southern,7160,
DATAFLOW,STATSNZ:POPES_SUB_002(1.0),"Subnational population estimates (Health regions and Health districts), by age and sex, at 30 June 1996-25 (2023 boundaries)",I,2021,2021,3,"Total people, sex",18,85-89 years,200,Waikato,5010,
DATAFLOW,STATSNZ:POPES_SUB_002(1.0),"Subnational population estimates (Health regions and Health districts), by age and sex, at 30 June 1996-25 (2023 boundaries)",I,2020,2020,3,"Total people, sex",15,70-74 years,900,Area outside health district,15,
DATAFLOW,STATSNZ:POPES_SUB_002(1.0),"Subnational population estimates (Health regions and Health districts), by age and sex, at 30 June 1996-25 (2023 boundaries)",I,2023,2023,3,"Total people, sex",18,85-89 years,404,Southern,4300,
DATAFLOW,STATSNZ:POPES_SUB_002(1.0),"Subnational population estimates (Health regions and Health districts), by age and sex, at 30 June 1996-25 (2023 boundaries)",I,2024,2024,3,"Total people, sex",19,90 years and over,200,Waikato,2860,
DATAFLOW,STATSNZ:POPES_SUB_002(1.0),"Subnational population estimates (Health regions and Health districts), by age and sex, at 30 June 1996-25 (2023 boundaries)",I,2020,2020,3,"Total people, sex",17,80-84 years,302,MidCentral,4290,
DATAFLOW,STATSNZ:POPES_SUB_002(1.0),"Subnational population estimates (Health regions and Health districts), by age and sex, at 30 June 1996-25 (2023 boundaries)",I,2023,2023,3,"Total people, sex",16,75-79 years,900,Area outside health district,15,
DATAFLOW,STATSNZ:POPES_SUB_002(1.0),"Subnational population estimates (Health regions and Health districts), by age and sex, at 30 June 1996-25 (2023 boundaries)",I,2021,2021,3,"Total people, sex",18,85-89 years,202,Bay of Plenty,3820,
DATAFLOW,STATSNZ:POPES_SUB_002(1.0),"Subnational population estimates (Health regions and Health districts), by age and sex, at 30 June 1996-25 (2023 boundaries)",I,2023,2023,3,"Total people, sex",16,75-79 years,103,Counties Manukau,13630,
DATAFLOW,STATSNZ:POPES_SUB_002(1.0),"Subnational population estimates (Health regions and Health districts), by age and sex, at 30 June 1996-25 (2023 boundaries)",I,2023,2023,3,"Total people, sex",15,70-74 years,304,Wairarapa,3050,
DATAFLOW,STATSNZ:POPES_SUB_002(1.0),"Subnational population estimates (Health regions and Health districts), by age and sex, at 30 June 1996-25 (2023 boundaries)",I,2021,2021,3,"Total people, sex",18,85-89 years,304,Wairarapa,730,
DATAFLOW,STATSNZ:POPES_SUB_002(1.0),"Subnational population estimates (Health regions and Health districts), by age and sex, at 30 June 1996-25 (2023 boundaries)",I,2024,2024,3,"Total people, sex",4,65 years and over,400,Nelson Marlborough,38300,
DATAFLOW,STATSNZ:POPES_SUB_002(1.0),"Subnational population estimates (Health regions and Health districts), by age and sex, at 30 June 1996-25 (2023 boundaries)",I,2021,2021,3,"Total people, sex",19,90 years and over,103,Counties Manukau,2380,
DATAFLOW,STATSNZ:POPES_SUB_002(1.0),"Subnational population estimates (Health regions and Health districts), by age and sex, at 30 June 1996-25 (2023 boundaries)",I,2020,2020,3,"Total people, sex",15,70-74 years,403,South Canterbury,3570,
DATAFLOW,STATSNZ:POPES_SUB_002(1.0),"Subnational population estimates (Health regions and Health districts), by age and sex, at 30 June 1996-25 (2023 boundaries)",I,2021,2021,3,"Total people, sex",4,65 years and over,302,MidCentral,34500,
DATAFLOW,STATSNZ:POPES_SUB_002(1.0),"Subnational population estimates (Health regions and Health districts), by age and sex, at 30 June 1996-25 (2023 boundaries)",I,2023,2023,3,"Total people, sex",17,80-84 years,100,Northland,5250,
DATAFLOW,STATSNZ:POPES_SUB_002(1.0),"Subnational population estimates (Health regions and Health districts), by age and sex, at 30 June 1996-25 (2023 boundaries)",I,2021,2021,3,"Total people, sex",4,65 years and over,404,Southern,59800,
DATAFLOW,STATSNZ:POPES_SUB_002(1.0),"Subnational population estimates (Health regions and Health districts), by age and sex, at 30 June 1996-25 (2023 boundaries)",I,2024,2024,3,"Total people, sex",15,70-74 years,201,Lakes,5410,
DATAFLOW,STATSNZ:POPES_SUB_002(1.0),"Subnational population estimates (Health regions and Health districts), by age and sex, at 30 June 1996-25 (2023 boundaries)",I,2023,2023,3,"Total people, sex",16,75-79 years,101,Waitematā,18930,
DATAFLOW,STATSNZ:POPES_SUB_002(1.0),"Subnational population estimates (Health regions and Health districts), by age and sex, at 30 June 1996-25 (2023 boundaries)",I,2023,2023,3,"Total people, sex",4,65 years and over,204,Taranaki,24500,
DATAFLOW,STATSNZ:POPES_SUB_002(1.0),"Subnational population estimates (Health regions and Health districts), by age and sex, at 30 June 1996-25 (2023 boundaries)",I,2022,2022,3,"Total people, sex",14,65-69 years,202,Bay of Plenty,15310,
DATAFLOW,STATSNZ:POPES_SUB_002(1.0),"Subnational population estimates (Health regions and Health districts), by age and sex, at 30 June 1996-25 (2023 boundaries)",I,2024,2024,3,"Total people, sex",18,85-89 years,402,Canterbury,7570,
DATAFLOW,STATSNZ:POPES_SUB_002(1.0),"Subnational population estimates (Health regions and Health districts), by age and sex, at 30 June 1996-25 (2023 boundaries)",I,2024,2024,3,"Total people, sex",17,80-84 years,403,South Canterbury,1960,
DATAFLOW,STATSNZ:POPES_SUB_002(1.0),"Subnational population estimates (Health regions and Health districts), by age and sex, at 30 June 1996-25 (2023 boundaries)",I,2024,2024,3,"Total people, sex",16,75-79 years,102,Auckland,12690,
DATAFLOW,STATSNZ:POPES_SUB_002(1.0),"Subnational population estimates (Health regions and Health districts), by age and sex, at 30 June 1996-25 (2023 boundaries)",I,2025,2025,3,"Total people, sex",4,65 years and over,202,Bay of Plenty,57100,
DATAFLOW,STATSNZ:POPES_SUB_002(1.0),"Subnational population estimates (Health regions and Health districts), by age and sex, at 30 June 1996-25 (2023 boundaries)",I,2025,2025,3,"Total people, sex",17,80-84 years,203,Tairāwhiti,1060,
DATAFLOW,STATSNZ:POPES_SUB_002(1.0),"Subnational population estimates (Health regions and Health districts), by age and sex, at 30 June 1996-25 (2023 boundaries)",I,2025,2025,3,"Total people, sex",4,65 years and over,203,Tairāwhiti,9000,
DATAFLOW,STATSNZ:POPES_SUB_002(1.0),"Subnational population estimates (Health regions and Health districts), by age and sex, at 30 June 1996-25 (2023 boundaries)",I,2025,2025,3,"Total people, sex",15,70-74 years,204,Taranaki,6510,
DATAFLOW,STATSNZ:POPES_SUB_002(1.0),"Subnational population estimates (Health regions and Health districts), by age and sex, at 30 June 1996-25 (2023 boundaries)",I,2025,2025,3,"Total people, sex",19,90 years and over,900,Area outside health district,0,
DATAFLOW,STATSNZ:POPES_SUB_002(1.0),"Subnational population estimates (Health regions and Health districts), by age and sex, at 30 June 1996-25 (2023 boundaries)",I,2025,2025,3,"Total people, sex",14,65-69 years,304,Wairarapa,3640,
DATAFLOW,STATSNZ:POPES_SUB_002(1.0),"Subnational population estimates (Health regions and Health districts), by age and sex, at 30 June 1996-25 (2023 boundaries)",I,2025,2025,3,"Total people, sex",14,65-69 years,203,Tairāwhiti,2820,
DATAFLOW,STATSNZ:POPES_SUB_002(1.0),"Subnational population estimates (Health regions and Health districts), by age and sex, at 30 June 1996-25 (2023 boundaries)",I,2025,2025,3,"Total people, sex",17,80-84 years,401,West Coast,920,
DATAFLOW,STATSNZ:POPES_SUB_002(1.0),"Subnational population estimates (Health regions and Health districts), by age and sex, at 30 June 1996-25 (2023 boundaries)",I,2025,2025,3,"Total people, sex",15,70-74 years,201,Lakes,5480,
DATAFLOW,STATSNZ:POPES_SUB_002(1.0),"Subnational population estimates (Health regions and Health districts), by age and sex, at 30 June 1996-25 (2023 boundaries)",I,2025,2025,3,"Total people, sex",18,85-89 years,202,Bay of Plenty,4650,
DATAFLOW,STATSNZ:POPES_SUB_002(1.0),"Subnational population estimates (Health regions and Health districts), by age and sex, at 30 June 1996-25 (2023 boundaries)",I,2025,2025,3,"Total people, sex",15,70-74 years,101,Waitematā,24850,
DATAFLOW,STATSNZ:POPES_SUB_002(1.0),"Subnational population estimates (Health regions and Health districts), by age and sex, at 30 June 1996-25 (2023 boundaries)",I,2025,2025,3,"Total people, sex",14,65-69 years,204,Taranaki,7730,
DATAFLOW,STATSNZ:POPES_SUB_002(1.0),"Subnational population estimates (Health regions and Health districts), by age and sex, at 30 June 1996-25 (2023 boundaries)",I,2025,2025,3,"Total people, sex",19,90 years and over,304,Wairarapa,440,
DATAFLOW,STATSNZ:POPES_SUB_002(1.0),"Subnational population estimates (Health regions and Health districts), by age and sex, at 30 June 1996-25 (2023 boundaries)",I,2025,2025,3,"Total people, sex",19,90 years and over,102,Auckland,3000,
DATAFLOW,STATSNZ:POPES_SUB_002(1.0),"Subnational population estimates (Health regions and Health districts), by age and sex, at 30 June 1996-25 (2023 boundaries)",I,2025,2025,3,"Total people, sex",19,90 years and over,300,Hawke's Bay,1360,
DATAFLOW,STATSNZ:POPES_SUB_002(1.0),"Subnational population estimates (Health regions and Health districts), by age and sex, at 30 June 1996-25 (2023 boundaries)",I,2025,2025,3,"Total people, sex",14,65-69 years,100,Northland,13990,
DATAFLOW,STATSNZ:POPES_SUB_002(1.0),"Subnational population estimates (Health regions and Health districts), by age and sex, at 30 June 1996-25 (2023 boundaries)",I,2025,2025,3,"Total people, sex",17,80-84 years,400,Nelson Marlborough,5310,
DATAFLOW,STATSNZ:POPES_SUB_002(1.0),"Subnational population estimates (Health regions and Health districts), by age and sex, at 30 June 1996-25 (2023 boundaries)",I,2025,2025,3,"Total people, sex",14,65-69 years,300,Hawke's Bay,10340,
DATAFLOW,STATSNZ:POPES_SUB_002(1.0),"Subnational population estimates (Health regions and Health districts), by age and sex, at 30 June 1996-25 (2023 boundaries)",I,2025,2025,3,"Total people, sex",19,90 years and over,303,"Capital, Coast and Hutt Valley",3050,
DATAFLOW,STATSNZ:POPES_SUB_002(1.0),"Subnational population estimates (Health regions and Health districts), by age and sex, at 30 June 1996-25 (2023 boundaries)",I,2025,2025,3,"Total people, sex",14,65-69 years,402,Canterbury,32940,
DATAFLOW,STATSNZ:POPES_SUB_002(1.0),"Subnational population estimates (Health regions and Health districts), by age and sex, at 30 June 1996-25 (2023 boundaries)",I,2025,2025,3,"Total people, sex",14,65-69 years,400,Nelson Marlborough,11190,
DATAFLOW,STATSNZ:POPES_SUB_002(1.0),"Subnational population estimates (Health regions and Health districts), by age and sex, at 30 June 1996-25 (2023 boundaries)",I,2025,2025,3,"Total people, sex",14,65-69 years,101,Waitematā,31150,
DATAFLOW,STATSNZ:POPES_SUB_002(1.0),"Subnational population estimates (Health regions and Health districts), by age and sex, at 30 June 1996-25 (2023 boundaries)",I,2025,2025,3,"Total people, sex",16,75-79 years,300,Hawke's Bay,7670,
DATAFLOW,STATSNZ:POPES_SUB_002(1.0),"Subnational population estimates (Health regions and Health districts), by age and sex, at 30 June 1996-25 (2023 boundaries)",I,2025,2025,3,"Total people, sex",17,80-84 years,201,Lakes,2740,
DATAFLOW,STATSNZ:POPES_SUB_002(1.0),"Subnational population estimates (Health regions and Health districts), by age and sex, at 30 June 1996-25 (2023 boundaries)",I,2025,2025,3,"Total people, sex",16,75-79 years,404,Southern,13540,
DATAFLOW,STATSNZ:POPES_SUB_002(1.0),"Subnational population estimates (Health regions and Health districts), by age and sex, at 30 June 1996-25 (2023 boundaries)",I,2025,2025,3,"Total people, sex",18,85-89 years,403,South Canterbury,1090,
DATAFLOW,STATSNZ:POPES_SUB_002(1.0),"Subnational population estimates (Health regions and Health districts), by age and sex, at 30 June 1996-25 (2023 boundaries)",I,2025,2025,3,"Total people, sex",16,75-79 years,200,Waikato,16900,
DATAFLOW,STATSNZ:POPES_SUB_002(1.0),"Subnational population estimates (Health regions and Health districts), by age and sex, at 30 June 1996-25 (2023 boundaries)",I,2025,2025,3,"Total people, sex",15,70-74 years,203,Tairāwhiti,2410,
DATAFLOW,STATSNZ:POPES_SUB_002(1.0),"Subnational population estimates (Health regions and Health districts), by age and sex, at 30 June 1996-25 (2023 boundaries)",I,2025,2025,3,"Total people, sex",15,70-74 years,402,Canterbury,27080,
DATAFLOW,STATSNZ:POPES_SUB_002(1.0),"Subnational population estimates (Health regions and Health districts), by age and sex, at 30 June 1996-25 (2023 boundaries)",I,2025,2025,3,"Total people, sex",15,70-74 years,100,Northland,11780,
DATAFLOW,STATSNZ:POPES_SUB_002(1.0),"Subnational population estimates (Health regions and Health districts), by age and sex, at 30 June 1996-25 (2023 boundaries)",I,2025,2025,3,"Total people, sex",15,70-74 years,401,West Coast,2220,
DATAFLOW,STATSNZ:POPES_SUB_002(1.0),"Subnational population estimates (Health regions and Health districts), by age and sex, at 30 June 1996-25 (2023 boundaries)",I,2025,2025,3,"Total people, sex",14,65-69 years,103,Counties Manukau,25510,
DATAFLOW,STATSNZ:POPES_SUB_002(1.0),"Subnational population estimates (Health regions and Health districts), by age and sex, at 30 June 1996-25 (2023 boundaries)",I,2025,2025,3,"Total people, sex",4,65 years and over,201,Lakes,21600,
DATAFLOW,STATSNZ:POPES_SUB_002(1.0),"Subnational population estimates (Health regions and Health districts), by age and sex, at 30 June 1996-25 (2023 boundaries)",I,2025,2025,3,"Total people, sex",19,90 years and over,200,Waikato,2970,
DATAFLOW,STATSNZ:POPES_SUB_002(1.0),"Subnational population estimates (Health regions and Health districts), by age and sex, at 30 June 1996-25 (2023 boundaries)",I,2025,2025,3,"Total people, sex",16,75-79 years,102,Auckland,13530,
DATAFLOW,STATSNZ:POPES_SUB_002(1.0),"Subnational population estimates (Health regions and Health districts), by age and sex, at 30 June 1996-25 (2023 boundaries)",I,2025,2025,3,"Total people, sex",4,65 years and over,200,Waikato,81700,
DATAFLOW,STATSNZ:POPES_SUB_002(1.0),"Subnational population estimates (Health regions and Health districts), by age and sex, at 30 June 1996-25 (2023 boundaries)",I,2025,2025,3,"Total people, sex",16,75-79 years,304,Wairarapa,2700,
DATAFLOW,STATSNZ:POPES_SUB_002(1.0),"Subnational population estimates (Health regions and Health districts), by age and sex, at 30 June 1996-25 (2023 boundaries)",I,2025,2025,3,"Total people, sex",17,80-84 years,100,Northland,5690,
DATAFLOW,STATSNZ:POPES_SUB_002(1.0),"Subnational population estimates (Health regions and Health districts), by age and sex, at 30 June 1996-25 (2023 boundaries)",I,2025,2025,3,"Total people, sex",16,75-79 years,201,Lakes,4530,
DATAFLOW,STATSNZ:POPES_SUB_002(1.0),"Subnational population estimates (Health regions and Health districts), by age and sex, at 30 June 1996-25 (2023 boundaries)",I,2025,2025,3,"Total people, sex",17,80-84 years,402,Canterbury,14170,
DATAFLOW,STATSNZ:POPES_SUB_002(1.0),"Subnational population estimates (Health regions and Health districts), by age and sex, at 30 June 1996-25 (2023 boundaries)",I,2025,2025,3,"Total people, sex",17,80-84 years,204,Taranaki,3290,
DATAFLOW,STATSNZ:POPES_SUB_002(1.0),"Subnational population estimates (Health regions and Health districts), by age and sex, at 30 June 1996-25 (2023 boundaries)",I,2025,2025,3,"Total people, sex",14,65-69 years,201,Lakes,6670,
DATAFLOW,STATSNZ:POPES_SUB_002(1.0),"Subnational population estimates (Health regions and Health districts), by age and sex, at 30 June 1996-25 (2023 boundaries)",I,2025,2025,3,"Total people, sex",18,85-89 years,101,Waitematā,7790,
DATAFLOW,STATSNZ:POPES_SUB_002(1.0),"Subnational population estimates (Health regions and Health districts), by age and sex, at 30 June 1996-25 (2023 boundaries)",I,2025,2025,3,"Total people, sex",17,80-84 years,103,Counties Manukau,9340,
DATAFLOW,STATSNZ:POPES_SUB_002(1.0),"Subnational population estimates (Health regions and Health districts), by age and sex, at 30 June 1996-25 (2023 boundaries)",I,2025,2025,3,"Total people, sex",19,90 years and over,103,Counties Manukau,2520,
DATAFLOW,STATSNZ:POPES_SUB_002(1.0),"Subnational population estimates (Health regions and Health districts), by age and sex, at 30 June 1996-25 (2023 boundaries)",I,2025,2025,3,"Total people, sex",4,65 years and over,101,Waitematā,102300,
DATAFLOW,STATSNZ:POPES_SUB_002(1.0),"Subnational population estimates (Health regions and Health districts), by age and sex, at 30 June 1996-25 (2023 boundaries)",I,2025,2025,3,"Total people, sex",19,90 years and over,203,Tairāwhiti,320,
DATAFLOW,STATSNZ:POPES_SUB_002(1.0),"Subnational population estimates (Health regions and Health districts), by age and sex, at 30 June 1996-25 (2023 boundaries)",I,2025,2025,3,"Total people, sex",16,75-79 years,303,"Capital, Coast and Hutt Valley",14770,
DATAFLOW,STATSNZ:POPES_SUB_002(1.0),"Subnational population estimates (Health regions and Health districts), by age and sex, at 30 June 1996-25 (2023 boundaries)",I,2025,2025,3,"Total people, sex",4,65 years and over,301,Whanganui,15300,
DATAFLOW,STATSNZ:POPES_SUB_002(1.0),"Subnational population estimates (Health regions and Health districts), by age and sex, at 30 June 1996-25 (2023 boundaries)",I,2025,2025,3,"Total people, sex",19,90 years and over,302,MidCentral,1390,
DATAFLOW,STATSNZ:POPES_SUB_002(1.0),"Subnational population estimates (Health regions and Health districts), by age and sex, at 30 June 1996-25 (2023 boundaries)",I,2025,2025,3,"Total people, sex",16,75-79 years,202,Bay of Plenty,12310,
DATAFLOW,STATSNZ:POPES_SUB_002(1.0),"Subnational population estimates (Health regions and Health districts), by age and sex, at 30 June 1996-25 (2023 boundaries)",I,2025,2025,3,"Total people, sex",18,85-89 years,404,Southern,4670,
DATAFLOW,STATSNZ:POPES_SUB_002(1.0),"Subnational population estimates (Health regions and Health districts), by age and sex, at 30 June 1996-25 (2023 boundaries)",I,2025,2025,3,"Total people, sex",15,70-74 years,303,"Capital, Coast and Hutt Valley",17610,
DATAFLOW,STATSNZ:POPES_SUB_002(1.0),"Subnational population estimates (Health regions and Health districts), by age and sex, at 30 June 1996-25 (2023 boundaries)",I,2025,2025,3,"Total people, sex",16,75-79 years,402,Canterbury,22530,
DATAFLOW,STATSNZ:POPES_SUB_002(1.0),"Subnational population estimates (Health regions and Health districts), by age and sex, at 30 June 1996-25 (2023 boundaries)",I,2025,2025,3,"Total people, sex",16,75-79 years,203,Tairāwhiti,1760,
DATAFLOW,STATSNZ:POPES_SUB_002(1.0),"Subnational population estimates (Health regions and Health districts), by age and sex, at 30 June 1996-25 (2023 boundaries)",I,2025,2025,3,"Total people, sex",18,85-89 years,301,Whanganui,1110,
DATAFLOW,STATSNZ:POPES_SUB_002(1.0),"Subnational population estimates (Health regions and Health districts), by age and sex, at 30 June 1996-25 (2023 boundaries)",I,2025,2025,3,"Total people, sex",15,70-74 years,302,MidCentral,9420,
DATAFLOW,STATSNZ:POPES_SUB_002(1.0),"Subnational population estimates (Health regions and Health districts), by age and sex, at 30 June 1996-25 (2023 boundaries)",I,2025,2025,3,"Total people, sex",17,80-84 years,101,Waitematā,13680,
DATAFLOW,STATSNZ:POPES_SUB_002(1.0),"Subnational population estimates (Health regions and Health districts), by age and sex, at 30 June 1996-25 (2023 boundaries)",I,2025,2025,3,"Total people, sex",4,65 years and over,100,Northland,45500,
DATAFLOW,STATSNZ:POPES_SUB_002(1.0),"Subnational population estimates (Health regions and Health districts), by age and sex, at 30 June 1996-25 (2023 boundaries)",I,2025,2025,3,"Total people, sex",19,90 years and over,403,South Canterbury,560,
DATAFLOW,STATSNZ:POPES_SUB_002(1.0),"Subnational population estimates (Health regions and Health districts), by age and sex, at 30 June 1996-25 (2023 boundaries)",I,2025,2025,3,"Total people, sex",4,65 years and over,900,Area outside health district,70,
DATAFLOW,STATSNZ:POPES_SUB_002(1.0),"Subnational population estimates (Health regions and Health districts), by age and sex, at 30 June 1996-25 (2023 boundaries)",I,2025,2025,3,"Total people, sex",19,90 years and over,202,Bay of Plenty,2320,
DATAFLOW,STATSNZ:POPES_SUB_002(1.0),"Subnational population estimates (Health regions and Health districts), by age and sex, at 30 June 1996-25 (2023 boundaries)",I,2025,2025,3,"Total people, sex",18,85-89 years,303,"Capital, Coast and Hutt Valley",5490,
DATAFLOW,STATSNZ:POPES_SUB_002(1.0),"Subnational population estimates (Health regions and Health districts), by age and sex, at 30 June 1996-25 (2023 boundaries)",I,2025,2025,3,"Total people, sex",15,70-74 years,103,Counties Manukau,19550,
DATAFLOW,STATSNZ:POPES_SUB_002(1.0),"Subnational population estimates (Health regions and Health districts), by age and sex, at 30 June 1996-25 (2023 boundaries)",I,2025,2025,3,"Total people, sex",15,70-74 years,304,Wairarapa,3220,
DATAFLOW,STATSNZ:POPES_SUB_002(1.0),"Subnational population estimates (Health regions and Health districts), by age and sex, at 30 June 1996-25 (2023 boundaries)",I,2025,2025,3,"Total people, sex",4,65 years and over,401,West Coast,8300,
DATAFLOW,STATSNZ:POPES_SUB_002(1.0),"Subnational population estimates (Health regions and Health districts), by age and sex, at 30 June 1996-25 (2023 boundaries)",I,2025,2025,3,"Total people, sex",18,85-89 years,900,Area outside health district,0,
DATAFLOW,STATSNZ:POPES_SUB_002(1.0),"Subnational population estimates (Health regions and Health districts), by age and sex, at 30 June 1996-25 (2023 boundaries)",I,2025,2025,3,"Total people, sex",14,65-69 years,303,"Capital, Coast and Hutt Valley",22340,
DATAFLOW,STATSNZ:POPES_SUB_002(1.0),"Subnational population estimates (Health regions and Health districts), by age and sex, at 30 June 1996-25 (2023 boundaries)",I,2025,2025,3,"Total people, sex",14,65-69 years,202,Bay of Plenty,15650,
DATAFLOW,STATSNZ:POPES_SUB_002(1.0),"Subnational population estimates (Health regions and Health districts), by age and sex, at 30 June 1996-25 (2023 boundaries)",I,2025,2025,3,"Total people, sex",16,75-79 years,101,Waitematā,20430,
DATAFLOW,STATSNZ:POPES_SUB_002(1.0),"Subnational population estimates (Health regions and Health districts), by age and sex, at 30 June 1996-25 (2023 boundaries)",I,2025,2025,3,"Total people, sex",18,85-89 years,200,Waikato,5820,
DATAFLOW,STATSNZ:POPES_SUB_002(1.0),"Subnational population estimates (Health regions and Health districts), by age and sex, at 30 June 1996-25 (2023 boundaries)",I,2025,2025,3,"Total people, sex",17,80-84 years,403,South Canterbury,1970,
DATAFLOW,STATSNZ:POPES_SUB_002(1.0),"Subnational population estimates (Health regions and Health districts), by age and sex, at 30 June 1996-25 (2023 boundaries)",I,2025,2025,3,"Total people, sex",17,80-84 years,404,Southern,8290,
DATAFLOW,STATSNZ:POPES_SUB_002(1.0),"Subnational population estimates (Health regions and Health districts), by age and sex, at 30 June 1996-25 (2023 boundaries)",I,2025,2025,3,"Total people, sex",19,90 years and over,400,Nelson Marlborough,1410,
DATAFLOW,STATSNZ:POPES_SUB_002(1.0),"Subnational population estimates (Health regions and Health districts), by age and sex, at 30 June 1996-25 (2023 boundaries)",I,2025,2025,3,"Total people, sex",18,85-89 years,300,Hawke's Bay,2540,
DATAFLOW,STATSNZ:POPES_SUB_002(1.0),"Subnational population estimates (Health regions and Health districts), by age and sex, at 30 June 1996-25 (2023 boundaries)",I,2025,2025,3,"Total people, sex",16,75-79 years,400,Nelson Marlborough,8730,
DATAFLOW,STATSNZ:POPES_SUB_002(1.0),"Subnational population estimates (Health regions and Health districts), by age and sex, at 30 June 1996-25 (2023 boundaries)",I,2025,2025,3,"Total people, sex",19,90 years and over,204,Taranaki,1060,
DATAFLOW,STATSNZ:POPES_SUB_002(1.0),"Subnational population estimates (Health regions and Health districts), by age and sex, at 30 June 1996-25 (2023 boundaries)",I,2025,2025,3,"Total people, sex",14,65-69 years,301,Whanganui,4520,
DATAFLOW,STATSNZ:POPES_SUB_002(1.0),"Subnational population estimates (Health regions and Health districts), by age and sex, at 30 June 1996-25 (2023 boundaries)",I,2025,2025,3,"Total people, sex",4,65 years and over,403,South Canterbury,14500,
DATAFLOW,STATSNZ:POPES_SUB_002(1.0),"Subnational population estimates (Health regions and Health districts), by age and sex, at 30 June 1996-25 (2023 boundaries)",I,2025,2025,3,"Total people, sex",14,65-69 years,403,South Canterbury,4110,
DATAFLOW,STATSNZ:POPES_SUB_002(1.0),"Subnational population estimates (Health regions and Health districts), by age and sex, at 30 June 1996-25 (2023 boundaries)",I,2025,2025,3,"Total people, sex",19,90 years and over,401,West Coast,210,
DATAFLOW,STATSNZ:POPES_SUB_002(1.0),"Subnational population estimates (Health regions and Health districts), by age and sex, at 30 June 1996-25 (2023 boundaries)",I,2025,2025,3,"Total people, sex",14,65-69 years,200,Waikato,24360,
DATAFLOW,STATSNZ:POPES_SUB_002(1.0),"Subnational population estimates (Health regions and Health districts), by age and sex, at 30 June 1996-25 (2023 boundaries)",I,2025,2025,3,"Total people, sex",18,85-89 years,402,Canterbury,8040,
DATAFLOW,STATSNZ:POPES_SUB_002(1.0),"Subnational population estimates (Health regions and Health districts), by age and sex, at 30 June 1996-25 (2023 boundaries)",I,2025,2025,3,"Total people, sex",17,80-84 years,900,Area outside health district,5,
DATAFLOW,STATSNZ:POPES_SUB_002(1.0),"Subnational population estimates (Health regions and Health districts), by age and sex, at 30 June 1996-25 (2023 boundaries)",I,2025,2025,3,"Total people, sex",15,70-74 years,301,Whanganui,3900,
DATAFLOW,STATSNZ:POPES_SUB_002(1.0),"Subnational population estimates (Health regions and Health districts), by age and sex, at 30 June 1996-25 (2023 boundaries)",I,2025,2025,3,"Total people, sex",18,85-89 years,201,Lakes,1390,
DATAFLOW,STATSNZ:POPES_SUB_002(1.0),"Subnational population estimates (Health regions and Health districts), by age and sex, at 30 June 1996-25 (2023 boundaries)",I,2025,2025,3,"Total people, sex",4,65 years and over,402,Canterbury,109000,
DATAFLOW,STATSNZ:POPES_SUB_002(1.0),"Subnational population estimates (Health regions and Health districts), by age and sex, at 30 June 1996-25 (2023 boundaries)",I,2025,2025,3,"Total people, sex",19,90 years and over,201,Lakes,740,
DATAFLOW,STATSNZ:POPES_SUB_002(1.0),"Subnational population estimates (Health regions and Health districts), by age and sex, at 30 June 1996-25 (2023 boundaries)",I,2025,2025,3,"Total people, sex",18,85-89 years,204,Taranaki,1900,
DATAFLOW,STATSNZ:POPES_SUB_002(1.0),"Subnational population estimates (Health regions and Health districts), by age and sex, at 30 June 1996-25 (2023 boundaries)",I,2025,2025,3,"Total people, sex",4,65 years and over,103,Counties Manukau,77200,
DATAFLOW,STATSNZ:POPES_SUB_002(1.0),"Subnational population estimates (Health regions and Health districts), by age and sex, at 30 June 1996-25 (2023 boundaries)",I,2025,2025,3,"Total people, sex",19,90 years and over,101,Waitematā,4410,
DATAFLOW,STATSNZ:POPES_SUB_002(1.0),"Subnational population estimates (Health regions and Health districts), by age and sex, at 30 June 1996-25 (2023 boundaries)",I,2025,2025,3,"Total people, sex",18,85-89 years,103,Counties Manukau,5210,
DATAFLOW,STATSNZ:POPES_SUB_002(1.0),"Subnational population estimates (Health regions and Health districts), by age and sex, at 30 June 1996-25 (2023 boundaries)",I,2025,2025,3,"Total people, sex",19,90 years and over,100,Northland,1410,
DATAFLOW,STATSNZ:POPES_SUB_002(1.0),"Subnational population estimates (Health regions and Health districts), by age and sex, at 30 June 1996-25 (2023 boundaries)",I,2025,2025,3,"Total people, sex",16,75-79 years,302,MidCentral,7900,
DATAFLOW,STATSNZ:POPES_SUB_002(1.0),"Subnational population estimates (Health regions and Health districts), by age and sex, at 30 June 1996-25 (2023 boundaries)",I,2025,2025,3,"Total people, sex",15,70-74 years,900,Area outside health district,20,
DATAFLOW,STATSNZ:POPES_SUB_002(1.0),"Subnational population estimates (Health regions and Health districts), by age and sex, at 30 June 1996-25 (2023 boundaries)",I,2025,2025,3,"Total people, sex",18,85-89 years,302,MidCentral,2860,
DATAFLOW,STATSNZ:POPES_SUB_002(1.0),"Subnational population estimates (Health regions and Health districts), by age and sex, at 30 June 1996-25 (2023 boundaries)",I,2025,2025,3,"Total people, sex",15,70-74 years,400,Nelson Marlborough,9940,
DATAFLOW,STATSNZ:POPES_SUB_002(1.0),"Subnational population estimates (Health regions and Health districts), by age and sex, at 30 June 1996-25 (2023 boundaries)",I,2025,2025,3,"Total people, sex",18,85-89 years,401,West Coast,460,
DATAFLOW,STATSNZ:POPES_SUB_002(1.0),"Subnational population estimates (Health regions and Health districts), by age and sex, at 30 June 1996-25 (2023 boundaries)",I,2025,2025,3,"Total people, sex",4,65 years and over,404,Southern,66300,
DATAFLOW,STATSNZ:POPES_SUB_002(1.0),"Subnational population estimates (Health regions and Health districts), by age and sex, at 30 June 1996-25 (2023 boundaries)",I,2025,2025,3,"Total people, sex",18,85-89 years,203,Tairāwhiti,600,
DATAFLOW,STATSNZ:POPES_SUB_002(1.0),"Subnational population estimates (Health regions and Health districts), by age and sex, at 30 June 1996-25 (2023 boundaries)",I,2025,2025,3,"Total people, sex",4,65 years and over,204,Taranaki,25800,
DATAFLOW,STATSNZ:POPES_SUB_002(1.0),"Subnational population estimates (Health regions and Health districts), by age and sex, at 30 June 1996-25 (2023 boundaries)",I,2025,2025,3,"Total people, sex",16,75-79 years,401,West Coast,1740,
DATAFLOW,STATSNZ:POPES_SUB_002(1.0),"Subnational population estimates (Health regions and Health districts), by age and sex, at 30 June 1996-25 (2023 boundaries)",I,2025,2025,3,"Total people, sex",4,65 years and over,300,Hawke's Bay,35600,
DATAFLOW,STATSNZ:POPES_SUB_002(1.0),"Subnational population estimates (Health regions and Health districts), by age and sex, at 30 June 1996-25 (2023 boundaries)",I,2025,2025,3,"Total people, sex",16,75-79 years,100,Northland,9700,
DATAFLOW,STATSNZ:POPES_SUB_002(1.0),"Subnational population estimates (Health regions and Health districts), by age and sex, at 30 June 1996-25 (2023 boundaries)",I,2025,2025,3,"Total people, sex",4,65 years and over,302,MidCentral,37700,
DATAFLOW,STATSNZ:POPES_SUB_002(1.0),"Subnational population estimates (Health regions and Health districts), by age and sex, at 30 June 1996-25 (2023 boundaries)",I,2025,2025,3,"Total people, sex",14,65-69 years,401,West Coast,2800,
DATAFLOW,STATSNZ:POPES_SUB_002(1.0),"Subnational population estimates (Health regions and Health districts), by age and sex, at 30 June 1996-25 (2023 boundaries)",I,2025,2025,3,"Total people, sex",18,85-89 years,100,Northland,2960,
DATAFLOW,STATSNZ:POPES_SUB_002(1.0),"Subnational population estimates (Health regions and Health districts), by age and sex, at 30 June 1996-25 (2023 boundaries)",I,2025,2025,3,"Total people, sex",14,65-69 years,302,MidCentral,11020,
DATAFLOW,STATSNZ:POPES_SUB_002(1.0),"Subnational population estimates (Health regions and Health districts), by age and sex, at 30 June 1996-25 (2023 boundaries)",I,2025,2025,3,"Total people, sex",4,65 years and over,303,"Capital, Coast and Hutt Valley",72900,
DATAFLOW,STATSNZ:POPES_SUB_002(1.0),"Subnational population estimates (Health regions and Health districts), by age and sex, at 30 June 1996-25 (2023 boundaries)",I,2025,2025,3,"Total people, sex",14,65-69 years,900,Area outside health district,25,
DATAFLOW,STATSNZ:POPES_SUB_002(1.0),"Subnational population estimates (Health regions and Health districts), by age and sex, at 30 June 1996-25 (2023 boundaries)",I,2025,2025,3,"Total people, sex",16,75-79 years,103,Counties Manukau,15020,
DATAFLOW,STATSNZ:POPES_SUB_002(1.0),"Subnational population estimates (Health regions and Health districts), by age and sex, at 30 June 1996-25 (2023 boundaries)",I,2025,2025,3,"Total people, sex",17,80-84 years,300,Hawke's Bay,4810,
DATAFLOW,STATSNZ:POPES_SUB_002(1.0),"Subnational population estimates (Health regions and Health districts), by age and sex, at 30 June 1996-25 (2023 boundaries)",I,2025,2025,3,"Total people, sex",16,75-79 years,204,Taranaki,5330,
DATAFLOW,STATSNZ:POPES_SUB_002(1.0),"Subnational population estimates (Health regions and Health districts), by age and sex, at 30 June 1996-25 (2023 boundaries)",I,2025,2025,3,"Total people, sex",14,65-69 years,102,Auckland,21210,
DATAFLOW,STATSNZ:POPES_SUB_002(1.0),"Subnational population estimates (Health regions and Health districts), by age and sex, at 30 June 1996-25 (2023 boundaries)",I,2025,2025,3,"Total people, sex",16,75-79 years,403,South Canterbury,3150,
DATAFLOW,STATSNZ:POPES_SUB_002(1.0),"Subnational population estimates (Health regions and Health districts), by age and sex, at 30 June 1996-25 (2023 boundaries)",I,2025,2025,3,"Total people, sex",14,65-69 years,404,Southern,20490,
DATAFLOW,STATSNZ:POPES_SUB_002(1.0),"Subnational population estimates (Health regions and Health districts), by age and sex, at 30 June 1996-25 (2023 boundaries)",I,2025,2025,3,"Total people, sex",19,90 years and over,404,Southern,2470,
DATAFLOW,STATSNZ:POPES_SUB_002(1.0),"Subnational population estimates (Health regions and Health districts), by age and sex, at 30 June 1996-25 (2023 boundaries)",I,2025,2025,3,"Total people, sex",16,75-79 years,900,Area outside health district,15,
DATAFLOW,STATSNZ:POPES_SUB_002(1.0),"Subnational population estimates (Health regions and Health districts), by age and sex, at 30 June 1996-25 (2023 boundaries)",I,2025,2025,3,"Total people, sex",19,90 years and over,402,Canterbury,4250,
DATAFLOW,STATSNZ:POPES_SUB_002(1.0),"Subnational population estimates (Health regions and Health districts), by age and sex, at 30 June 1996-25 (2023 boundaries)",I,2025,2025,3,"Total people, sex",17,80-84 years,200,Waikato,10850,
DATAFLOW,STATSNZ:POPES_SUB_002(1.0),"Subnational population estimates (Health regions and Health districts), by age and sex, at 30 June 1996-25 (2023 boundaries)",I,2025,2025,3,"Total people, sex",16,75-79 years,301,Whanganui,3280,
DATAFLOW,STATSNZ:POPES_SUB_002(1.0),"Subnational population estimates (Health regions and Health districts), by age and sex, at 30 June 1996-25 (2023 boundaries)",I,2025,2025,3,"Total people, sex",17,80-84 years,301,Whanganui,1970,
DATAFLOW,STATSNZ:POPES_SUB_002(1.0),"Subnational population estimates (Health regions and Health districts), by age and sex, at 30 June 1996-25 (2023 boundaries)",I,2025,2025,3,"Total people, sex",17,80-84 years,304,Wairarapa,1640,
DATAFLOW,STATSNZ:POPES_SUB_002(1.0),"Subnational population estimates (Health regions and Health districts), by age and sex, at 30 June 1996-25 (2023 boundaries)",I,2025,2025,3,"Total people, sex",4,65 years and over,102,Auckland,68400,
DATAFLOW,STATSNZ:POPES_SUB_002(1.0),"Subnational population estimates (Health regions and Health districts), by age and sex, at 30 June 1996-25 (2023 boundaries)",I,2025,2025,3,"Total people, sex",4,65 years and over,400,Nelson Marlborough,39300,
DATAFLOW,STATSNZ:POPES_SUB_002(1.0),"Subnational population estimates (Health regions and Health districts), by age and sex, at 30 June 1996-25 (2023 boundaries)",I,2025,2025,3,"Total people, sex",15,70-74 years,102,Auckland,17110,
DATAFLOW,STATSNZ:POPES_SUB_002(1.0),"Subnational population estimates (Health regions and Health districts), by age and sex, at 30 June 1996-25 (2023 boundaries)",I,2025,2025,3,"Total people, sex",18,85-89 years,102,Auckland,5110,
DATAFLOW,STATSNZ:POPES_SUB_002(1.0),"Subnational population estimates (Health regions and Health districts), by age and sex, at 30 June 1996-25 (2023 boundaries)",I,2025,2025,3,"Total people, sex",18,85-89 years,400,Nelson Marlborough,2750,
DATAFLOW,STATSNZ:POPES_SUB_002(1.0),"Subnational population estimates (Health regions and Health districts), by age and sex, at 30 June 1996-25 (2023 boundaries)",I,2025,2025,3,"Total people, sex",19,90 years and over,301,Whanganui,510,
DATAFLOW,STATSNZ:POPES_SUB_002(1.0),"Subnational population estimates (Health regions and Health districts), by age and sex, at 30 June 1996-25 (2023 boundaries)",I,2025,2025,3,"Total people, sex",17,80-84 years,302,MidCentral,5110,
DATAFLOW,STATSNZ:POPES_SUB_002(1.0),"Subnational population estimates (Health regions and Health districts), by age and sex, at 30 June 1996-25 (2023 boundaries)",I,2025,2025,3,"Total people, sex",15,70-74 years,404,Southern,16840,
DATAFLOW,STATSNZ:POPES_SUB_002(1.0),"Subnational population estimates (Health regions and Health districts), by age and sex, at 30 June 1996-25 (2023 boundaries)",I,2025,2025,3,"Total people, sex",15,70-74 years,200,Waikato,20780,
DATAFLOW,STATSNZ:POPES_SUB_002(1.0),"Subnational population estimates (Health regions and Health districts), by age and sex, at 30 June 1996-25 (2023 boundaries)",I,2025,2025,3,"Total people, sex",17,80-84 years,202,Bay of Plenty,8110,
DATAFLOW,STATSNZ:POPES_SUB_002(1.0),"Subnational population estimates (Health regions and Health districts), by age and sex, at 30 June 1996-25 (2023 boundaries)",I,2025,2025,3,"Total people, sex",17,80-84 years,102,Auckland,8480,
DATAFLOW,STATSNZ:POPES_SUB_002(1.0),"Subnational population estimates (Health regions and Health districts), by age and sex, at 30 June 1996-25 (2023 boundaries)",I,2025,2025,3,"Total people, sex",17,80-84 years,303,"Capital, Coast and Hutt Valley",9630,
DATAFLOW,STATSNZ:POPES_SUB_002(1.0),"Subnational population estimates (Health regions and Health districts), by age and sex, at 30 June 1996-25 (2023 boundaries)",I,2025,2025,3,"Total people, sex",15,70-74 years,403,South Canterbury,3640,
DATAFLOW,STATSNZ:POPES_SUB_002(1.0),"Subnational population estimates (Health regions and Health districts), by age and sex, at 30 June 1996-25 (2023 boundaries)",I,2025,2025,3,"Total people, sex",4,65 years and over,304,Wairarapa,12500,
DATAFLOW,STATSNZ:POPES_SUB_002(1.0),"Subnational population estimates (Health regions and Health districts), by age and sex, at 30 June 1996-25 (2023 boundaries)",I,2025,2025,3,"Total people, sex",15,70-74 years,202,Bay of Plenty,14060,
DATAFLOW,STATSNZ:POPES_SUB_002(1.0),"Subnational population estimates (Health regions and Health districts), by age and sex, at 30 June 1996-25 (2023 boundaries)",I,2025,2025,3,"Total people, sex",15,70-74 years,300,Hawke's Bay,8900,
DATAFLOW,STATSNZ:POPES_SUB_002(1.0),"Subnational population estimates (Health regions and Health districts), by age and sex, at 30 June 1996-25 (2023 boundaries)",I,2025,2025,3,"Total people, sex",18,85-89 years,304,Wairarapa,860,
